,mots,poids,serie
0,le,1099.8582726007141,whitechapel
1,etre,900.9421998114267,whitechapel
2,avoir,731.9752583203573,whitechapel
3,de,628.1673805553864,whitechapel
4,un,494.3258260521481,whitechapel
5,je,461.8900296636577,whitechapel
6,ce,423.49631945020485,whitechapel
7,il,401.0813225607136,whitechapel
8,vous,353.07521872480373,whitechapel
9,que,290.9348142980612,whitechapel
10,pas,279.86609985349764,whitechapel
11,ne,239.18177162195292,whitechapel
12,et,207.38591176665327,whitechapel
13,on,160.0,whitechapel
14,eventreur,157.56461423847512,whitechapel
15,cela,153.71456392840784,whitechapel
16,pouvoir,152.99519259326053,whitechapel
17,son,136.5429148926571,whitechapel
18,en,135.87605447925145,whitechapel
19,aller,126.09493895048945,whitechapel
20,lui,118.27087319126974,whitechapel
21,tout,118.19656713118465,whitechapel
22,faire,110.17211492714809,whitechapel
23,sur,105.11006927998552,whitechapel
24,mon,102.64222881414615,whitechapel
25,dans,102.53962776839496,whitechapel
26,mais,100.45104596298796,whitechapel
27,meurtre,95.5878657992356,whitechapel
28,buchan,94.67386939807457,whitechapel
29,qui,93.02488987646332,whitechapel
30,voir,88.27894834281592,whitechapel
31,pour,87.7258535174092,whitechapel
32,se,83.23069709638429,whitechapel
33,vouloir,82.76938057683499,whitechapel
34,savoir,78.65086573497183,whitechapel
35,devoir,77.70186748029407,whitechapel
36,maduro,75.97576910649144,whitechapel
37,avec,72.20279055040406,whitechapel
38,mitre,71.94822009216651,whitechapel
39,bien,71.76072085148873,whitechapel
40,1888,69.25165378872903,whitechapel
41,votre,68.99134269490735,whitechapel
42,ou,68.31988199586274,whitechapel
43,au,66.28501953634772,whitechapel
44,tueur,66.02778204849506,whitechapel
45,lees,65.12208780556409,whitechapel
46,comme,64.21888053214636,whitechapel
47,moi,61.56446914970581,whitechapel
48,nous,59.13337239705943,whitechapel
49,trouver,59.12098612631071,whitechapel
50,non,58.71817603126377,whitechapel
51,leary,56.21181094248091,whitechapel
52,me,54.88288431565573,whitechapel
53,dire,54.6385509481772,whitechapel
54,bousfield,54.268406504636744,whitechapel
55,whitechapel,54.07616529367452,whitechapel
56,luire,54.05347302976979,whitechapel
57,si,53.73120444243473,whitechapel
58,jack,52.59899990068971,whitechapel
59,femme,50.68193652871935,whitechapel
60,bon,50.63485135317979,whitechapel
61,alors,50.202680256365,whitechapel
62,rien,49.737554660286044,whitechapel
63,ici,49.737554660286044,whitechapel
64,plus,49.49956647663453,whitechapel
65,mary,49.450345117056095,whitechapel
66,merci,48.88712453257959,whitechapel
67,oui,46.050610570591424,whitechapel
68,autre,44.972294438793014,whitechapel
69,par,44.902009851872904,whitechapel
70,penser,43.918446836687956,whitechapel
71,croire,43.918446836687956,whitechapel
72,tuer,43.712912169503014,whitechapel
73,homme,43.30665390402291,whitechapel
74,quoi,42.31794161870268,whitechapel
75,victime,40.95197864767628,whitechapel
76,parler,40.35038046415663,whitechapel
77,te,38.16303680242053,whitechapel
78,mccormack,38.005810615239646,whitechapel
79,pricha,37.98788455324572,whitechapel
80,meme,37.6073876509307,whitechapel
81,kent,37.37277115368573,whitechapel
82,tu,37.20487848259493,whitechapel
83,mort,36.92585630598416,whitechapel
84,la,33.015087649511436,whitechapel
85,quelque,31.795030829031166,whitechapel
86,temps,31.647170160632122,whitechapel
87,enquete,31.33646910412859,whitechapel
88,fait,31.21036931436285,whitechapel
89,inspecteur,30.72174186980366,whitechapel
90,quand,29.981529625862013,whitechapel
91,heure,29.981529625862013,whitechapel
92,ripperologue,29.161528792859194,whitechapel
93,celui,28.581519495444276,whitechapel
94,soldat,28.48833297229654,whitechapel
95,venir,28.44818547860683,whitechapel
96,fitz,27.475283886187743,whitechapel
97,oeil,26.900253642771084,whitechapel
98,nuit,26.650248556321788,whitechapel
99,pourquoi,26.650248556321788,whitechapel
100,encore,26.5643412508219,whitechapel
101,egorger,26.230815238388036,whitechapel
102,monsieur,26.095345990001807,whitechapel
103,cathy,25.742092205503564,whitechapel
104,complot,25.365397573512453,whitechapel
105,dernier,25.33756548270459,whitechapel
106,arreter,25.33756548270459,whitechapel
107,kelly,25.33756548270459,whitechapel
108,prendre,25.21898779009789,whitechapel
109,cote,25.1013401281825,whitechapel
110,couteau,25.049562870322035,whitechapel
111,fois,24.868777330143022,whitechapel
112,avant,24.526557163650452,whitechapel
113,joe,24.49200537374886,whitechapel
114,sans,24.414197087713084,whitechapel
115,hutchinson,24.366513509858528,whitechapel
116,falloir,23.648394450524282,whitechapel
117,miles,23.577689349036923,whitechapel
118,connaitre,23.5377219374247,whitechapel
119,personne,23.427917452970334,whitechapel
120,eddowe,23.329223034287356,whitechapel
121,visage,23.21085884146682,whitechapel
122,dieu,22.997114231635784,whitechapel
123,aout,22.500911235569713,whitechapel
124,chapman,22.352739002696058,whitechapel
125,alice,22.3441661402366,whitechapel
126,aucun,21.959223418343978,whitechapel
127,ripperfan,21.707362601854697,whitechapel
128,eddowes,21.707362601854697,whitechapel
129,soir,21.653326952011454,whitechapel
130,premier,21.585848443928267,whitechapel
131,chandler,21.15959102312532,whitechapel
132,attraper,20.559223005112397,whitechapel
133,ouai,20.559223005112397,whitechapel
134,lieu,20.497009633797003,whitechapel
135,seul,20.175190232078315,whitechapel
136,peu,20.081072102546,whitechapel
137,square,19.7044277740104,whitechapel
138,temoin,19.302451461327312,whitechapel
139,comment,19.24103167725018,whitechapel
140,suspect,19.24103167725018,whitechapel
141,voila,19.21025882487607,whitechapel
142,baionnette,19.08701369014787,whitechapel
143,aider,18.49392437940512,whitechapel
144,laisser,18.49392437940512,whitechapel
145,commissaire,17.994554487093737,whitechapel
146,corps,17.9134600101383,whitechapel
147,nom,17.740778587353052,whitechapel
148,rob,17.391488945513135,whitechapel
149,deux,17.34362353628977,whitechapel
150,tablier,17.32720067643239,whitechapel
151,ni,17.265884696835755,whitechapel
152,tres,17.18869139759064,whitechapel
153,gauche,17.132685837593662,whitechapel
154,police,16.985938145698782,whitechapel
155,livre,16.97139201829483,whitechapel
156,endroit,16.97139201829483,whitechapel
157,mettre,16.89171032180306,whitechapel
158,chercher,16.89171032180306,whitechapel
159,essayer,16.89171032180306,whitechapel
160,chapeau,16.843433300768343,whitechapel
161,envoyer,16.812658526731926,whitechapel
162,partir,16.812658526731926,whitechapel
163,mourir,16.734226752121664,whitechapel
164,aussi,16.656405347701117,whitechapel
165,porte,16.579184886762015,whitechapel
166,john,16.573769097892473,whitechapel
167,maintenant,16.502556159306323,whitechapel
168,jamais,16.502556159306323,whitechapel
169,nouveau,16.426510165454133,whitechapel
170,apres,16.426510165454133,whitechapel
171,passer,16.426510165454133,whitechapel
172,lostherion,16.280521951391023,whitechapel
173,hanbury,16.280521951391023,whitechapel
174,tabram,16.280521951391023,whitechapel
175,baje,16.280521951391023,whitechapel
176,abberline,16.280521951391023,whitechapel
177,chez,16.276131391808725,whitechapel
178,raison,16.201781606933544,whitechapel
179,catherine,16.029314896661948,whitechapel
180,notre,15.909790060010922,whitechapel
181,putain,15.716965014182291,whitechapel
182,theorie,15.641650767147643,whitechapel
183,nichols,15.621277787348141,whitechapel
184,grave,15.530935516983092,whitechapel
185,maconnique,15.41747573403568,whitechapel
186,couper,15.346542361740724,whitechapel
187,macon,15.298585181660286,whitechapel
188,coup,15.221683208920364,whitechapel
189,moins,15.202539289622754,whitechapel
190,appeler,15.202539289622754,whitechapel
191,jusque,15.202539289622754,whitechapel
192,taire,15.131392674058734,whitechapel
193,truc,15.131392674058734,whitechapel
194,rein,15.125791607217185,whitechapel
195,annie,15.04849631992329,whitechapel
196,pres,14.85230054337569,whitechapel
197,aspirat,14.748045080093052,whitechapel
198,juste,14.515182480561588,whitechapel
199,matricule,14.324055839861375,whitechapel
200,ricorod,14.201080409711187,whitechapel
201,emma,14.17950288161063,whitechapel
202,anthony,14.102154028304536,whitechapel
203,cohen,14.059404362137382,whitechapel
204,an,14.0,whitechapel
205,clarence,13.938916604242078,whitechapel
206,van,13.913723089319191,whitechapel
207,khillaree,13.73862837022941,whitechapel
208,chef,13.66474131433175,whitechapel
209,conduire,13.641370988213977,whitechapel
210,tenir,13.513368257442448,whitechapel
211,depuis,13.513368257442448,whitechapel
212,entrer,13.513368257442448,whitechapel
213,retrouver,13.513368257442448,whitechapel
214,toujours,13.513368257442448,whitechapel
215,comprendre,13.513368257442448,whitechapel
216,aimer,13.450126821385542,whitechapel
217,travailler,13.450126821385542,whitechapel
218,payer,13.450126821385542,whitechapel
219,vrai,13.450126821385542,whitechapel
220,reste,13.450126821385542,whitechapel
221,idee,13.387381401697333,whitechapel
222,kiry,13.338034192355845,whitechapel
223,fille,13.325124278160894,whitechapel
224,desole,13.325124278160894,whitechapel
225,sang,13.141208132363305,whitechapel
226,policier,13.100448122819824,whitechapel
227,mutiler,13.06714966851819,whitechapel
228,jones,13.020905113446979,whitechapel
229,blek,12.984685085386694,whitechapel
230,subber,12.984685085386694,whitechapel
231,toi,12.902384427165856,whitechapel
232,poisson,12.838735398318482,whitechapel
233,sergent,12.786022706756071,whitechapel
234,chose,12.727832048008738,whitechapel
235,mutilation,12.682344462837547,whitechapel
236,beaucoup,12.670484132179837,whitechapel
237,identite,12.463645675379736,whitechapel
238,lane,12.445117116446266,whitechapel
239,rapport,12.445117116446266,whitechapel
240,skip,12.342953030338194,whitechapel
241,quartier,12.224306122141781,whitechapel
242,biere,12.165728374448166,whitechapel
243,hopital,12.050023260789692,whitechapel
244,39,11.992880086315566,whitechapel
245,boulot,11.93619961468723,whitechapel
246,arriver,11.824197225262141,whitechapel
247,suivre,11.824197225262141,whitechapel
248,feu,11.824197225262141,whitechapel
249,vers,11.824197225262141,whitechapel
250,histoire,11.824197225262141,whitechapel
251,utiliser,11.824197225262141,whitechapel
252,attendre,11.824197225262141,whitechapel
253,eventrer,11.767736002702694,whitechapel
254,merde,11.713958726485167,whitechapel
255,bleu,11.713958726485167,whitechapel
256,vivre,11.713958726485167,whitechapel
257,incendie,11.704451763770408,whitechapel
258,phillips,11.678990985526791,whitechapel
259,eventreuse,11.664611517143678,whitechapel
260,esculape,11.664611517143678,whitechapel
261,travail,11.659483743390782,whitechapel
262,olaola,11.659186828549576,whitechapel
263,garder,11.60542942073341,whitechapel
264,tete,11.551789311514426,whitechapel
265,sou,11.551789311514426,whitechapel
266,legiste,11.384788485412125,whitechapel
267,importer,11.289586373770124,whitechapel
268,deja,11.25967301372023,whitechapel
269,poignardee,11.258592650676007,whitechapel
270,ton,11.18281167671665,whitechapel
271,blason,11.076718785226703,whitechapel
272,identifier,10.949835440036205,whitechapel
273,paquet,10.949835440036205,whitechapel
274,copieur,10.905243543706858,whitechapel
275,officiel,10.8955364269167,whitechapel
276,insolvable,10.853681300927349,whitechapel
277,fenchurch,10.853681300927349,whitechapel
278,rue,10.841034376978465,whitechapel
279,presse,10.683124864611202,whitechapel
280,recul,10.593668459337655,whitechapel
281,street,10.351570783028569,whitechapel
282,moitie,10.231028241160482,whitechapel
283,coupure,10.18408284699822,whitechapel
284,gars,10.182835210976897,whitechapel
285,voici,10.135026193081835,whitechapel
286,finir,10.135026193081835,whitechapel
287,regarder,10.135026193081835,whitechapel
288,ressembler,10.135026193081835,whitechapel
289,dehors,10.135026193081835,whitechapel
290,sauver,10.135026193081835,whitechapel
291,affaire,10.135026193081835,whitechapel
292,laisse,10.087595116039157,whitechapel
293,propre,10.087595116039157,whitechapel
294,rentrer,10.087595116039157,whitechapel
295,sortir,10.087595116039157,whitechapel
296,chaque,10.087595116039157,whitechapel
297,besoin,10.040536051273,whitechapel
298,argent,10.040536051273,whitechapel
299,hein,9.94751093205721,whitechapel
300,pret,9.94751093205721,whitechapel
301,roux,9.929606685188935,whitechapel
302,trop,9.901533695583794,whitechapel
303,pied,9.901533695583794,whitechapel
304,cuir,9.857880237656216,whitechapel
305,excusez,9.85590609927248,whitechapel
306,besmel,9.832030053395368,whitechapel
307,wentworth,9.832030053395368,whitechapel
308,allon,9.810622865460182,whitechapel
309,adn,9.805523738319739,whitechapel
310,entendre,9.765678835085234,whitechapel
311,escadron,9.688848219382365,whitechapel
312,wilkes,9.688848219382365,whitechapel
313,salut,9.676788320374392,whitechapel
314,dr,9.631186413966741,whitechapel
315,manger,9.589195523847476,whitechapel
316,rabat,9.466279423088448,whitechapel
317,chocolate,9.405310199952057,whitechapel
318,vie,9.169443992206013,whitechapel
319,faux,9.049038613901157,whitechapel
320,mere,9.023076834112842,whitechapel
321,bonjour,9.009434509713046,whitechapel
322,arracher,8.990325602097217,whitechapel
323,serie,8.990325602097217,whitechapel
324,minoritaire,8.892022794903896,whitechapel
325,voyez,8.816395021670138,whitechapel
326,droite,8.773841573330596,whitechapel
327,flic,8.773841573330596,whitechapel
328,tr,8.743605079462679,whitechapel
329,copier,8.726590069112401,whitechapel
330,ok,8.698989041668707,whitechapel
331,coin,8.695744472756568,whitechapel
332,cheveux,8.689805981748691,whitechapel
333,blessure,8.689805981748691,whitechapel
334,paupiere,8.663600338216195,whitechapel
335,degrisement,8.656456723591129,whitechapel
336,lenteur,8.656456723591129,whitechapel
337,repas,8.648311967675214,whitechapel
338,prenez,8.566342918796831,whitechapel
339,separer,8.566342918796831,whitechapel
340,sud,8.566342918796831,whitechapel
341,surveiller,8.525856867633735,whitechapel
342,plaire,8.525856867633735,whitechapel
343,mariage,8.525856867633735,whitechapel
344,main,8.492969072849391,whitechapel
345,hier,8.485696009147414,whitechapel
346,ecoutez,8.485696009147414,whitechapel
347,jeune,8.485696009147414,whitechapel
348,preuve,8.485696009147414,whitechapel
349,drole,8.485696009147414,whitechapel
350,demain,8.44585516090153,whitechapel
351,cherche,8.44585516090153,whitechapel
352,visite,8.44585516090153,whitechapel
353,jouer,8.44585516090153,whitechapel
354,recevoir,8.44585516090153,whitechapel
355,mutile,8.445735692275477,whitechapel
356,perdre,8.406329263365963,whitechapel
357,droit,8.406329263365963,whitechapel
358,coeur,8.406329263365963,whitechapel
359,monde,8.406329263365963,whitechapel
360,lire,8.406329263365963,whitechapel
361,pere,8.367113376060832,whitechapel
362,demande,8.328202673850559,whitechapel
363,veux,8.328202673850559,whitechapel
364,sanders,8.292758470314665,whitechapel
365,andouille,8.292758470314665,whitechapel
366,cravate,8.284422571513105,whitechapel
367,manteau,8.284422571513105,whitechapel
368,allez,8.251278079653162,whitechapel
369,31,8.213255082727066,whitechapel
370,enveloppe,8.19246449861431,whitechapel
371,bureau,8.129813664561793,whitechapel
372,donner,8.100890803466772,whitechapel
373,expert,7.95466846520698,whitechapel
374,342,7.921007163340494,whitechapel
375,bouffe,7.886304190124973,whitechapel
376,ami,7.883465243768077,whitechapel
377,detachez,7.77279121903305,whitechapel
378,poubelle,7.761941841844848,whitechapel
379,seriessub,7.761941841844848,whitechapel
380,degagez,7.7213323559887765,whitechapel
381,intestin,7.665483076738986,whitechapel
382,travestir,7.634805476059148,whitechapel
383,sarah,7.574088225177641,whitechapel
384,classique,7.524248159961645,whitechapel
385,royaute,7.505728433784006,whitechapel
386,epaule,7.485970355897042,whitechapel
387,franc,7.485970355897042,whitechapel
388,tchin,7.3844791901511355,whitechapel
389,fuite,7.373286848030256,whitechapel
390,grand,7.372275858222164,whitechapel
391,militaire,7.29989029335747,whitechapel
392,pute,7.263690951277799,whitechapel
393,holmes,7.243737224875419,whitechapel
394,larkin,7.059441331155586,whitechapel
395,conspiration,7.05319700770844,whitechapel
396,agresseur,7.05319700770844,whitechapel
397,bosser,7.0531160173361105,whitechapel
398,emporter,7.0531160173361105,whitechapel
399,oh,7.027944148886762,whitechapel
400,interroger,7.019073258664477,whitechapel
401,pisse,7.007394591316075,whitechapel
402,chance,7.0,whitechapel
403,possible,7.0,whitechapel
404,remonter,6.985317784081018,whitechapel
405,fameux,6.962280959222453,whitechapel
406,2008,6.962280959222453,whitechapel
407,attaquer,6.918649574140171,whitechapel
408,pression,6.918649574140171,whitechapel
409,pleurer,6.88572757759411,whitechapel
410,cuisse,6.874039303603574,whitechapel
411,souvenir,6.860806723170025,whitechapel
412,ainsi,6.853074335037466,whitechapel
413,faites,6.853074335037466,whitechapel
414,nez,6.853074335037466,whitechapel
415,mile,6.831988199586274,whitechapel
416,signe,6.820685494106988,whitechapel
417,imaginer,6.820685494106988,whitechapel
418,www,6.818287255891698,whitechapel
419,cacher,6.788556807317931,whitechapel
420,regardez,6.788556807317931,whitechapel
421,dites,6.788556807317931,whitechapel
422,battre,6.788556807317931,whitechapel
423,joue,6.788556807317931,whitechapel
424,schema,6.788319186271405,whitechapel
425,demander,6.756684128721224,whitechapel
426,erreur,6.756684128721224,whitechapel
427,prochain,6.756684128721224,whitechapel
428,assez,6.756684128721224,whitechapel
429,revenir,6.756684128721224,whitechapel
430,verifier,6.756684128721224,whitechapel
431,matin,6.756684128721224,whitechapel
432,gros,6.725063410692771,whitechapel
433,commencer,6.725063410692771,whitechapel
434,videosurveillance,6.694798217567676,whitechapel
435,3em,6.6641635377828425,whitechapel
436,mieux,6.662562139080447,whitechapel
437,quel,6.662562139080447,whitechapel
438,enfant,6.631673954704806,whitechapel
439,jeter,6.631673954704806,whitechapel
440,reglez,6.613154228527166,whitechapel
441,trois,6.5706040661816525,whitechapel
442,maison,6.5706040661816525,whitechapel
443,fr,6.5706040661816525,whitechapel
444,camera,6.550385613465265,whitechapel
445,fan,6.52424178125153,whitechapel
446,autopsie,6.468015259994287,whitechapel
447,exact,6.420790942644494,whitechapel
448,vertebre,6.386496857913159,whitechapel
449,237,6.31631421829062,whitechapel
450,sander,6.31631421829062,whitechapel
451,duc,6.31631421829062,whitechapel
452,jour,6.278503526122092,whitechapel
453,brick,6.248405047924403,whitechapel
454,loin,6.222558558223133,whitechapel
455,public,6.219091277850584,whitechapel
456,kfc,6.182931469293275,whitechapel
457,mal,6.16738526969379,whitechapel
458,impossible,6.145168371522342,whitechapel
459,agression,6.1443483739607325,whitechapel
460,imitateur,6.119434072664115,whitechapel
461,noir,6.112962661470675,whitechapel
462,poignarder,6.076929806404555,whitechapel
463,complice,6.076929806404555,whitechapel
464,genre,6.059270580142113,whitechapel
465,caserne,6.057890755330607,whitechapel
466,different,6.023952127617225,whitechapel
467,question,6.0,whitechapel
468,stride,5.940209755284741,whitechapel
469,portable,5.902387727528987,whitechapel
470,5h,5.883868001351347,whitechapel
471,desespere,5.883868001351347,whitechapel
472,doe,5.852225881885204,whitechapel
473,parking,5.844333322298857,whitechapel
474,skyblog,5.832305758571839,whitechapel
475,cacaccino,5.832305758571839,whitechapel
476,combis,5.832305758571839,whitechapel
477,rageusement,5.832305758571839,whitechapel
478,titillement,5.832305758571839,whitechapel
479,ripperologie,5.832305758571839,whitechapel
480,fechie,5.832305758571839,whitechapel
481,regerdez,5.832305758571839,whitechapel
482,patronner,5.832305758571839,whitechapel
483,benjoin,5.832305758571839,whitechapel
484,casern,5.832305758571839,whitechapel
485,eddower,5.832305758571839,whitechapel
486,avorteur,5.832305758571839,whitechapel
487,mcev,5.832305758571839,whitechapel
488,astrakan,5.832305758571839,whitechapel
489,pfouah,5.832305758571839,whitechapel
490,etripa,5.832305758571839,whitechapel
491,cogniez,5.832305758571839,whitechapel
492,ileon,5.832305758571839,whitechapel
493,fichage,5.832305758571839,whitechapel
494,tailladeur,5.832305758571839,whitechapel
495,etriper,5.829070052975119,whitechapel
496,ann,5.821456381383636,whitechapel
497,sac,5.801116495591828,whitechapel
498,estomac,5.790999266991582,whitechapel
499,objectif,5.760848259431078,whitechapel
500,lieux,5.730997266871573,whitechapel
501,eh,5.727777927956622,whitechapel
502,team,5.727777927956622,whitechapel
503,regiment,5.723782586004274,whitechapel
504,nemesis,5.723782586004274,whitechapel
505,patron,5.702346045230342,whitechapel
506,taudis,5.623761744854953,whitechapel
507,directeur,5.614477766922781,whitechapel
508,indice,5.614477766922781,whitechapel
509,officier,5.58604153505915,whitechapel
510,fin,5.582216896834842,whitechapel
511,sub,5.582216896834842,whitechapel
512,classement,5.575566641696831,whitechapel
513,trouvee,5.575566641696831,whitechapel
514,echouer,5.5299651360226925,whitechapel
515,martha,5.5299651360226925,whitechapel
516,over,5.511833849273323,whitechapel
517,cadavre,5.502315170707921,whitechapel
518,naissance,5.4749177200181025,whitechapel
519,attrape,5.44776821345835,whitechapel
520,charing,5.426840650463674,whitechapel
521,klosowski,5.426840650463674,whitechapel
522,abend,5.426840650463674,whitechapel
523,aldershot,5.426840650463674,whitechapel
524,springhill,5.426840650463674,whitechapel
525,buki,5.426840650463674,whitechapel
526,jack2000,5.426840650463674,whitechapel
527,collodion,5.426840650463674,whitechapel
528,regimentaire,5.426840650463674,whitechapel
529,polaks,5.426840650463674,whitechapel
530,brancardier,5.426840650463674,whitechapel
531,somerford,5.426840650463674,whitechapel
532,laner,5.426840650463674,whitechapel
533,pauvrement,5.426840650463674,whitechapel
534,longiligne,5.426840650463674,whitechapel
535,deraisonner,5.426840650463674,whitechapel
536,quelconquer,5.426840650463674,whitechapel
537,guantanomo,5.426840650463674,whitechapel
538,trimbal,5.426840650463674,whitechapel
539,bethnal,5.426840650463674,whitechapel
540,henriques,5.426840650463674,whitechapel
541,papelard,5.426840650463674,whitechapel
542,portnawak,5.426840650463674,whitechapel
543,dissemblance,5.426840650463674,whitechapel
544,clerkenwell,5.426840650463674,whitechapel
545,parc,5.420862203510068,whitechapel
546,piste,5.420862203510068,whitechapel
547,parmi,5.420862203510068,whitechapel
548,jardin,5.39419536125833,whitechapel
549,cour,5.39419536125833,whitechapel
550,health,5.39419536125833,whitechapel
551,gorille,5.393623085285378,whitechapel
552,marque,5.341562432305601,whitechapel
553,rapidement,5.341562432305601,whitechapel
554,epeler,5.3085038564477856,whitechapel
555,scene,5.308105670530869,whitechapel
556,sombre,5.289837013002083,whitechapel
557,mener,5.264304943998358,whitechapel
558,faut,5.264304943998358,whitechapel
559,systeme,5.264304943998358,whitechapel
560,resoudre,5.264304943998358,whitechapel
561,date,5.244946936001366,whitechapel
562,adresse,5.238988338060763,whitechapel
563,nord,5.238988338060763,whitechapel
564,type,5.224070078948964,whitechapel
565,memoire,5.213883589049214,whitechapel
566,vetement,5.213883589049214,whitechapel
567,qg,5.187254612814916,whitechapel
568,soin,5.164295683195582,whitechapel
569,genial,5.164295683195582,whitechapel
570,lier,5.164295683195582,whitechapel
571,frais,5.164295683195582,whitechapel
572,poursuivre,5.164295683195582,whitechapel
573,2h,5.148418441100713,whitechapel
574,certain,5.14142356919291,whitechapel
575,arriere,5.139805751278099,whitechapel
576,parfaire,5.139805751278099,whitechapel
577,connai,5.139805751278099,whitechapel
578,ecole,5.139805751278099,whitechapel
579,decrivent,5.139158578011894,whitechapel
580,charcutage,5.139158578011894,whitechapel
581,specul,5.139158578011894,whitechapel
582,barnet,5.139158578011894,whitechapel
583,survenu,5.139158578011894,whitechapel
584,jonc,5.139158578011894,whitechapel
585,mecontenter,5.139158578011894,whitechapel
586,conjugau,5.139158578011894,whitechapel
587,meutres,5.139158578011894,whitechapel
588,boire,5.115514120580241,whitechapel
589,preferer,5.115514120580241,whitechapel
590,proteger,5.115514120580241,whitechapel
591,detruire,5.115514120580241,whitechapel
592,foutre,5.115514120580241,whitechapel
593,vide,5.115514120580241,whitechapel
594,prevoir,5.115514120580241,whitechapel
595,ferme,5.115514120580241,whitechapel
596,excursion,5.110322051159324,whitechapel
597,surement,5.091417605488449,whitechapel
598,durer,5.091417605488449,whitechapel
599,selon,5.091417605488449,whitechapel
600,safety,5.091417605488449,whitechapel
601,effet,5.091417605488449,whitechapel
602,mme,5.091417605488449,whitechapel
603,cinq,5.091417605488449,whitechapel
604,air,5.080323012519034,whitechapel
605,abdomen,5.072937785135019,whitechapel
606,appel,5.067513096540917,whitechapel
607,proche,5.067513096540917,whitechapel
608,sauf,5.067513096540917,whitechapel
609,repondre,5.067513096540917,whitechapel
610,fils,5.067513096540917,whitechapel
611,sentir,5.067513096540917,whitechapel
612,dur,5.067513096540917,whitechapel
613,dessus,5.067513096540917,whitechapel
614,apprendre,5.067513096540917,whitechapel
615,exactement,5.067513096540917,whitechapel
616,montrer,5.067513096540917,whitechapel
617,seulement,5.067513096540917,whitechapel
618,sembler,5.067513096540917,whitechapel
619,esperer,5.067513096540917,whitechapel
620,leur,5.067513096540917,whitechapel
621,attendez,5.067513096540917,whitechapel
622,accord,5.0601209648340095,whitechapel
623,vue,5.043797558019579,whitechapel
624,toucher,5.043797558019579,whitechapel
625,vieux,5.043797558019579,whitechapel
626,tirer,5.043797558019579,whitechapel
627,confiance,5.043797558019579,whitechapel
628,prend,5.043797558019579,whitechapel
629,famille,5.043797558019579,whitechapel
630,rendre,5.043797558019579,whitechapel
631,sens,5.043797558019579,whitechapel
632,doute,5.043797558019579,whitechapel
633,repertoire,5.036239507798626,whitechapel
634,oculaire,5.036239507798626,whitechapel
635,donc,5.0202680256365,whitechapel
636,haut,5.0202680256365,whitechapel
637,as,5.0,whitechapel
638,fai,4.9969216043103355,whitechapel
639,chauffeur,4.973755466028605,whitechapel
640,probleme,4.973755466028605,whitechapel
641,st,4.968996841575182,whitechapel
642,bas,4.950766847791897,whitechapel
643,lien,4.92795304963624,whitechapel
644,vinasse,4.916015026697684,whitechapel
645,consultatif,4.916015026697684,whitechapel
646,autodiscipline,4.916015026697684,whitechapel
647,ronflant,4.916015026697684,whitechapel
648,allemands,4.916015026697684,whitechapel
649,baraquement,4.916015026697684,whitechapel
650,vouz,4.916015026697684,whitechapel
651,severin,4.916015026697684,whitechapel
652,guetre,4.916015026697684,whitechapel
653,casquette,4.895830990452129,whitechapel
654,enqueteur,4.895830990452129,whitechapel
655,way,4.888592124290833,whitechapel
656,dos,4.838394160187196,whitechapel
657,cheri,4.838394160187196,whitechapel
658,agitation,4.829158149916946,whitechapel
659,touriste,4.829158149916946,whitechapel
660,novembre,4.829158149916946,whitechapel
661,formalite,4.764636425480502,whitechapel
662,unite,4.751431549567439,whitechapel
663,petit,4.751431549567439,whitechapel
664,coles,4.733693469903729,whitechapel
665,fadaise,4.733693469903729,whitechapel
666,arretent,4.733693469903729,whitechapel
667,visiton,4.733693469903729,whitechapel
668,albanais,4.733693469903729,whitechapel
669,dawe,4.733693469903729,whitechapel
670,sachet,4.733139711544224,whitechapel
671,garde,4.708877644591569,whitechapel
672,lisez,4.702131338472293,whitechapel
673,ordi,4.702131338472293,whitechapel
674,travailleur,4.671596394210717,whitechapel
675,changer,4.625538952270343,whitechapel
676,terreur,4.611890467911355,whitechapel
677,2nd,4.611890467911355,whitechapel
678,mythe,4.611890467911355,whitechapel
679,uterus,4.582692869069049,whitechapel
680,trace,4.582222342365298,whitechapel
681,buildings,4.57954279007647,whitechapel
682,llewellyn,4.57954279007647,whitechapel
683,savile,4.57954279007647,whitechapel
684,comparse,4.57954279007647,whitechapel
685,quadra,4.57954279007647,whitechapel
686,perimetre,4.55391539416485,whitechapel
687,douche,4.544452935106585,whitechapel
688,ac,4.525546124180937,whitechapel
689,jupe,4.525546124180937,whitechapel
690,morgue,4.504717254856523,whitechapel
691,smith,4.4850450532180455,whitechapel
692,contaminer,4.469986995966785,whitechapel
693,des,4.446083466637612,whitechapel
694,memere,4.446011397451948,whitechapel
695,tafiole,4.446011397451948,whitechapel
696,pacotill,4.446011397451948,whitechapel
697,phenyl,4.446011397451948,whitechapel
698,recherches,4.446011397451948,whitechapel
699,jill,4.442775691855228,whitechapel
700,marron,4.389439197690906,whitechapel
701,crime,4.366923742310177,whitechapel
702,tour,4.366923742310177,whitechapel
703,septembre,4.3632950345562005,whitechapel
704,sherlock,4.3632950345562005,whitechapel
705,authentique,4.3632950345562005,whitechapel
706,tiers,4.3374882248843845,whitechapel
707,detectiv,4.3374882248843845,whitechapel
708,tricks,4.328228361795564,whitechapel
709,tamise,4.328228361795564,whitechapel
710,bigleux,4.328228361795564,whitechapel
711,com,4.314862269861895,whitechapel
712,londres,4.312010173329525,whitechapel
713,temoigner,4.312010173329525,whitechapel
714,prostitue,4.2868526089158046,whitechapel
715,detective,4.276759533922756,whitechapel
716,visuel,4.2620075689186905,whitechapel
717,afghanistan,4.2620075689186905,whitechapel
718,historique,4.237467383735062,whitechapel
719,derouler,4.237467383735062,whitechapel
720,cath,4.2228678461377385,whitechapel
721,taquet,4.2228678461377385,whitechapel
722,visualisez,4.2228678461377385,whitechapel
723,reconnaitriez,4.2228678461377385,whitechapel
724,trombinoscope,4.2228678461377385,whitechapel
725,description,4.222377380145086,whitechapel
726,regulier,4.213224662670372,whitechapel
727,paperasse,4.213224662670372,whitechapel
728,fourrer,4.18927228057694,whitechapel
729,respect,4.179256063159171,whitechapel
730,organe,4.165603365282935,whitechapel
731,rotation,4.165603365282935,whitechapel
732,double,4.162624022564516,whitechapel
733,court,4.162624022564516,whitechapel
734,moustache,4.142211285756552,whitechapel
735,blended,4.127557666333413,whitechapel
736,econome,4.127557666333413,whitechapel
737,ricain,4.127557666333413,whitechapel
738,pompeu,4.127557666333413,whitechapel
739,pouvon,4.1190896409544004,whitechapel
740,russe,4.1190896409544004,whitechapel
741,secteur,4.096232249307155,whitechapel
742,ray,4.064906832280896,whitechapel
743,inspirer,4.051286537603037,whitechapel
744,ivre,4.051286537603037,whitechapel
745,the,4.048096771867208,whitechapel
746,george,4.047909619673864,whitechapel
747,misericordieu,4.040546289343784,whitechapel
748,camoufle,4.040546289343784,whitechapel
749,troufion,4.040546289343784,whitechapel
750,necrophile,4.040546289343784,whitechapel
751,verron,4.040546289343784,whitechapel
752,longue,4.040546289343784,whitechapel
753,inonde,4.040546289343784,whitechapel
754,inculpez,4.040546289343784,whitechapel
755,organisez,4.040546289343784,whitechapel
756,minute,4.032000170668305,whitechapel
757,princesse,4.0291868652298675,whitechapel
758,fouille,4.0291868652298675,whitechapel
759,inhabituel,4.007328724165487,whitechapel
760,sup,4.007328724165487,whitechapel
761,place,4.0,whitechapel
762,embaucher,3.9857068919570557,whitechapel
763,foie,3.9857068919570557,whitechapel
764,subsist,3.960503581670247,whitechapel
765,anniv,3.960503581670247,whitechapel
766,minutieusement,3.960503581670247,whitechapel
767,georgina,3.960503581670247,whitechapel
768,desosser,3.960503581670247,whitechapel
769,transfert,3.9431520950624863,whitechapel
770,griller,3.9431520950624863,whitechapel
771,raser,3.9222094953278956,whitechapel
772,stylo,3.9222094953278956,whitechapel
773,agresser,3.9222094953278956,whitechapel
774,minuit,3.901483921256802,whitechapel
775,loup,3.901483921256802,whitechapel
776,envoyez,3.901483921256802,whitechapel
777,infirmier,3.901483921256802,whitechapel
778,scientifique,3.901483921256802,whitechapel
779,forum,3.901483921256802,whitechapel
780,david,3.899118796255748,whitechapel
781,rd,3.886395609516525,whitechapel
782,bestial,3.886395609516525,whitechapel
783,tisane,3.886395609516525,whitechapel
784,reglementer,3.886395609516525,whitechapel
785,reperable,3.886395609516525,whitechapel
786,epicentre,3.886395609516525,whitechapel
787,1903,3.886395609516525,whitechapel
788,recuser,3.886395609516525,whitechapel
789,globe,3.880970920922424,whitechapel
790,cm,3.880970920922424,whitechapel
791,cingle,3.880970920922424,whitechapel
792,labo,3.8606661779943883,whitechapel
793,lendemain,3.8606661779943883,whitechapel
794,complexe,3.840565506287385,whitechapel
795,entierement,3.840565506287385,whitechapel
796,estimer,3.820664844581049,whitechapel
797,etouffer,3.820664844581049,whitechapel
798,meurtrier,3.820664844581049,whitechapel
799,bouleverser,3.820664844581049,whitechapel
800,susse,3.817402738029574,whitechapel
801,relent,3.817402738029574,whitechapel
802,estropier,3.817402738029574,whitechapel
803,guten,3.817402738029574,whitechapel
804,friand,3.817402738029574,whitechapel
805,desormais,3.8009602516950256,whitechapel
806,baser,3.781447901804296,whitechapel
807,tenue,3.781447901804296,whitechapel
808,allonger,3.781447901804296,whitechapel
809,delicieux,3.781447901804296,whitechapel
810,positif,3.781447901804296,whitechapel
811,lutte,3.781447901804296,whitechapel
812,mystere,3.7621240799808224,whitechapel
813,ecarter,3.7621240799808224,whitechapel
814,appart,3.7621240799808224,whitechapel
815,kosovo,3.752864216892003,whitechapel
816,deplorer,3.752864216892003,whitechapel
817,percant,3.752864216892003,whitechapel
818,impec,3.752864216892003,whitechapel
819,tua,3.752864216892003,whitechapel
820,interrogent,3.752864216892003,whitechapel
821,sien,3.742985177948521,whitechapel
822,profil,3.724027690039433,whitechapel
823,decrire,3.724027690039433,whitechapel
824,empreinte,3.724027690039433,whitechapel
825,camion,3.7052482093397554,whitechapel
826,connaissez,3.7052482093397554,whitechapel
827,reine,3.7052482093397554,whitechapel
828,entaill,3.6922395950755678,whitechapel
829,echafaudage,3.6922395950755678,whitechapel
830,meningite,3.6922395950755678,whitechapel
831,petechial,3.6922395950755678,whitechapel
832,municipalite,3.6922395950755678,whitechapel
833,myope,3.6922395950755678,whitechapel
834,zizi,3.6922395950755678,whitechapel
835,beaute,3.686643424015128,whitechapel
836,grille,3.686643424015128,whitechapel
837,nommer,3.686643424015128,whitechapel
838,metier,3.686643424015128,whitechapel
839,deposition,3.686643424015128,whitechapel
840,chasser,3.686643424015128,whitechapel
841,mentor,3.686643424015128,whitechapel
842,fantome,3.6682101138052805,whitechapel
843,violer,3.6682101138052805,whitechapel
844,objet,3.6682101138052805,whitechapel
845,gant,3.6682101138052805,whitechapel
846,suggerer,3.6682101138052805,whitechapel
847,content,3.651555725191737,whitechapel
848,colle,3.649945146678735,whitechapel
849,teler,3.649945146678735,whitechapel
850,tenait,3.6350811812356194,whitechapel
851,mysterieuse,3.6350811812356194,whitechapel
852,inciser,3.6350811812356194,whitechapel
853,circoncision,3.6350811812356194,whitechapel
854,instantane,3.6350811812356194,whitechapel
855,wharf,3.6350811812356194,whitechapel
856,foi,3.6318454756388996,whitechapel
857,homo,3.6318454756388996,whitechapel
858,tentative,3.6139081356733787,whitechapel
859,couleur,3.6139081356733787,whitechapel
860,alcool,3.6139081356733787,whitechapel
861,degage,3.6139081356733787,whitechapel
862,deposer,3.6139081356733787,whitechapel
863,copain,3.6139081356733787,whitechapel
864,chasse,3.5961302408388867,whitechapel
865,diable,3.5961302408388867,whitechapel
866,fer,3.5961302408388867,whitechapel
867,rapprocher,3.5961302408388867,whitechapel
868,inventer,3.5961302408388867,whitechapel
869,commettre,3.5961302408388867,whitechapel
870,criminel,3.5961302408388867,whitechapel
871,suite,3.592730311026608,whitechapel
872,inexpliquer,3.5810139599653437,whitechapel
873,ricocher,3.5810139599653437,whitechapel
874,etude,3.5785089814745765,whitechapel
875,risquer,3.5785089814745765,whitechapel
876,pointe,3.5785089814745765,whitechapel
877,fouiller,3.5785089814745765,whitechapel
878,attente,3.5785089814745765,whitechapel
879,appartement,3.5610416215370675,whitechapel
880,recommencer,3.5437254960508384,whitechapel
881,ennemi,3.5437254960508384,whitechapel
882,etage,3.5437254960508384,whitechapel
883,avouer,3.5437254960508384,whitechapel
884,graves,3.529720665577793,whitechapel
885,buste,3.529720665577793,whitechapel
886,placer,3.5265580086680552,whitechapel
887,perte,3.5265580086680552,whitechapel
888,moindre,3.5265580086680552,whitechapel
889,naitre,3.5265580086680552,whitechapel
890,taille,3.5265580086680552,whitechapel
891,dean,3.5265580086680552,whitechapel
892,soyez,3.5265580086680552,whitechapel
893,remplacer,3.5265580086680552,whitechapel
894,lettre,3.5095366293322385,whitechapel
895,necessaire,3.5095366293322385,whitechapel
896,attaque,3.5095366293322385,whitechapel
897,tenez,3.5095366293322385,whitechapel
898,menacer,3.5095366293322385,whitechapel
899,zone,3.5065999933793144,whitechapel
900,connaissance,3.492658892040509,whitechapel
901,seigneur,3.492658892040509,whitechapel
902,jambe,3.492658892040509,whitechapel
903,voix,3.492658892040509,whitechapel
904,medical,3.492482320267076,whitechapel
905,generaliser,3.480930501408361,whitechapel
906,maboul,3.480930501408361,whitechapel
907,rallonge,3.480930501408361,whitechapel
908,renegocier,3.480930501408361,whitechapel
909,complet,3.4759223926994762,whitechapel
910,considerer,3.4759223926994762,whitechapel
911,bonsoir,3.4759223926994762,whitechapel
912,deviner,3.4759223926994762,whitechapel
913,ouais,3.4759223926994762,whitechapel
914,tendre,3.4593247870700856,whitechapel
915,compagnie,3.4593247870700856,whitechapel
916,joseph,3.4593247870700856,whitechapel
917,environ,3.4593247870700856,whitechapel
918,enorme,3.4593247870700856,whitechapel
919,pauvre,3.442863788797055,whitechapel
920,mec,3.442863788797055,whitechapel
921,traiter,3.442863788797055,whitechapel
922,ame,3.442863788797055,whitechapel
923,soeur,3.442863788797055,whitechapel
924,equipe,3.442863788797055,whitechapel
925,impliquer,3.442863788797055,whitechapel
926,morceau,3.442863788797055,whitechapel
927,vraie,3.442863788797055,whitechapel
928,survivre,3.442863788797055,whitechapel
929,priver,3.442863788797055,whitechapel
930,avere,3.434410485773468,whitechapel
931,plombe,3.434410485773468,whitechapel
932,irritant,3.434410485773468,whitechapel
933,prevenir,3.426537167518733,whitechapel
934,vivant,3.426537167518733,whitechapel
935,fier,3.426537167518733,whitechapel
936,ceci,3.426537167518733,whitechapel
937,interieur,3.426537167518733,whitechapel
938,prouver,3.426537167518733,whitechapel
939,ravi,3.426537167518733,whitechapel
940,regle,3.410342747053494,whitechapel
941,heureux,3.410342747053494,whitechapel
942,bruler,3.410342747053494,whitechapel
943,emily,3.410342747053494,whitechapel
944,verre,3.410342747053494,whitechapel
945,ancien,3.410342747053494,whitechapel
946,desolee,3.410342747053494,whitechapel
947,disparaitre,3.410342747053494,whitechapel
948,exister,3.410342747053494,whitechapel
949,autour,3.410342747053494,whitechapel
950,tourner,3.410342747053494,whitechapel
951,offrir,3.3942784036589657,whitechapel
952,reconnaitre,3.3942784036589657,whitechapel
953,supposer,3.3942784036589657,whitechapel
954,parfois,3.3942784036589657,whitechapel
955,probablement,3.3942784036589657,whitechapel
956,ete,3.3942784036589657,whitechapel
957,venez,3.3942784036589657,whitechapel
958,maman,3.3942784036589657,whitechapel
959,reve,3.3942784036589657,whitechapel
960,peau,3.3942784036589657,whitechapel
961,parier,3.3942784036589657,whitechapel
962,montre,3.3942784036589657,whitechapel
963,bouger,3.3942784036589657,whitechapel
964,incriminant,3.3899587232026342,whitechapel
965,chimere,3.3899587232026342,whitechapel
966,calibrer,3.3899587232026342,whitechapel
967,entailler,3.3899587232026342,whitechapel
968,45,3.381870712842093,whitechapel
969,video,3.381870712842093,whitechapel
970,empecher,3.378342064360612,whitechapel
971,acheter,3.378342064360612,whitechapel
972,regarde,3.378342064360612,whitechapel
973,tant,3.378342064360612,whitechapel
974,desoler,3.378342064360612,whitechapel
975,moyen,3.378342064360612,whitechapel
976,mauvais,3.378342064360612,whitechapel
977,absolument,3.378342064360612,whitechapel
978,propos,3.378342064360612,whitechapel
979,interessant,3.378342064360612,whitechapel
980,gens,3.378342064360612,whitechapel
981,sinon,3.378342064360612,whitechapel
982,occuper,3.378342064360612,whitechapel
983,amener,3.378342064360612,whitechapel
984,voler,3.378342064360612,whitechapel
985,abord,3.378342064360612,whitechapel
986,creer,3.378342064360612,whitechapel
987,ouvrir,3.3625317053463855,whitechapel
988,jeu,3.3625317053463855,whitechapel
989,rappeler,3.3625317053463855,whitechapel
990,apporter,3.3625317053463855,whitechapel
991,viens,3.3625317053463855,whitechapel
992,hors,3.3625317053463855,whitechapel
993,dedans,3.3625317053463855,whitechapel
994,compris,3.3625317053463855,whitechapel
995,parce,3.3625317053463855,whitechapel
996,rester,3.3625317053463855,whitechapel
997,decouvrir,3.3625317053463855,whitechapel
998,interet,3.3625317053463855,whitechapel
999,completement,3.3625317053463855,whitechapel
1000,original,3.3548435030149952,whitechapel
1001,ravitaillement,3.347399108783838,whitechapel
1002,sieur,3.347399108783838,whitechapel
1003,deguise,3.347399108783838,whitechapel
1004,avis,3.346845350424333,whitechapel
1005,semaine,3.346845350424333,whitechapel
1006,peur,3.346845350424333,whitechapel
1007,facon,3.346845350424333,whitechapel
1008,file,3.341420661830232,whitechapel
1009,cup,3.3312810695402235,whitechapel
1010,aujourd,3.3312810695402235,whitechapel
1011,pension,3.3312810695402235,whitechapel
1012,gorge,3.3312810695402235,whitechapel
1013,hui,3.315836977352403,whitechapel
1014,stationner,3.306577114263583,whitechapel
1015,jamaique,3.306577114263583,whitechapel
1016,frire,3.306577114263583,whitechapel
1017,concorder,3.306577114263583,whitechapel
1018,puma,3.306577114263583,whitechapel
1019,illumination,3.306577114263583,whitechapel
1020,lugubre,3.306577114263583,whitechapel
1021,laissez,3.3005112318612646,whitechapel
1022,and,3.288321930532029,whitechapel
1023,miller,3.2853020330908262,whitechapel
1024,facile,3.2853020330908262,whitechapel
1025,sai,3.2853020330908262,whitechapel
1026,frere,3.2702076218200604,whitechapel
1027,decider,3.2702076218200604,whitechapel
1028,mot,3.2702076218200604,whitechapel
1029,diversion,3.2702076218200604,whitechapel
1030,ripper,3.267356401110302,whitechapel
1031,retine,3.267356401110302,whitechapel
1032,garcon,3.2552262783617447,whitechapel
1033,coupe,3.2552262783617447,whitechapel
1034,excellent,3.2361467023964217,whitechapel
1035,deodorer,3.229616073127455,whitechapel
1036,samu,3.229616073127455,whitechapel
1037,altesse,3.229616073127455,whitechapel
1038,proprete,3.229616073127455,whitechapel
1039,flower,3.225596106791464,whitechapel
1040,cas,3.210944026607318,whitechapel
1041,demi,3.1963985079491586,whitechapel
1042,scruter,3.1932484289565797,whitechapel
1043,macchabee,3.1932484289565797,whitechapel
1044,image,3.1848634023185216,whitechapel
1045,ci,3.1819580120021844,whitechapel
1046,pub,3.1819580120021844,whitechapel
1047,numero,3.1676210330449592,whitechapel
1048,tel,3.1676210330449592,whitechapel
1049,aisselle,3.15815710914531,whitechapel
1050,brume,3.15815710914531,whitechapel
1051,occupon,3.15815710914531,whitechapel
1052,sas,3.15815710914531,whitechapel
1053,mafieux,3.15815710914531,whitechapel
1054,sage,3.139251763061046,whitechapel
1055,situation,3.134442047369378,whitechapel
1056,dossier,3.125216617743753,whitechapel
1057,obscurcir,3.1242555574696285,whitechapel
1058,abonner,3.1242555574696285,whitechapel
1059,encule,3.1242555574696285,whitechapel
1060,foncez,3.1242555574696285,whitechapel
1061,matrice,3.1242555574696285,whitechapel
1062,attester,3.1242555574696285,whitechapel
1063,genie,3.1112792791115664,whitechapel
1064,beau,3.0974383934224186,whitechapel
1065,lit,3.0974383934224186,whitechapel
1066,toute,3.0914657346466377,whitechapel
1067,craie,3.0914657346466377,whitechapel
1068,encyclopedie,3.0914657346466377,whitechapel
1069,accelerant,3.0914657346466377,whitechapel
1070,existant,3.0914657346466377,whitechapel
1071,officieux,3.0914657346466377,whitechapel
1072,propagation,3.0914657346466377,whitechapel
1073,eureka,3.0914657346466377,whitechapel
1074,tranchee,3.0914657346466377,whitechapel
1075,charger,3.083692634846895,whitechapel
1076,tot,3.083692634846895,whitechapel
1077,100,3.060364209598263,whitechapel
1078,animateur,3.0597170363320574,whitechapel
1079,connaissant,3.0597170363320574,whitechapel
1080,sanglant,3.0597170363320574,whitechapel
1081,ensanglanter,3.0597170363320574,whitechapel
1082,bretelle,3.0597170363320574,whitechapel
1083,pyromane,3.0597170363320574,whitechapel
1084,distingue,3.0597170363320574,whitechapel
1085,trust,3.0564813307353376,whitechapel
1086,porter,3.0564813307353376,whitechapel
1087,attention,3.04819380751142,whitechapel
1088,france,3.0430132663726495,whitechapel
1089,cher,3.0430132663726495,whitechapel
1090,excuse,3.0360725789004057,whitechapel
1091,mangeon,3.0289453776653037,whitechapel
1092,erroner,3.0289453776653037,whitechapel
1093,transpir,3.0289453776653037,whitechapel
1094,interpeller,3.0289453776653037,whitechapel
1095,horriblement,3.0289453776653037,whitechapel
1096,sternum,3.0289453776653037,whitechapel
1097,carrosse,3.0289453776653037,whitechapel
1098,10,3.024000128001229,whitechapel
1099,20,3.024000128001229,whitechapel
1100,29,3.0163462046337193,whitechapel
1101,partie,3.0163462046337193,whitechapel
1102,point,3.0,whitechapel
1103,long,3.0,whitechapel
1104,part,3.0,whitechapel
1105,assoupir,2.999092414515623,whitechapel
1106,berline,2.999092414515623,whitechapel
1107,quadriller,2.999092414515623,whitechapel
1108,entaille,2.999092414515623,whitechapel
1109,appelait,2.999092414515623,whitechapel
1110,asphyxie,2.999092414515623,whitechapel
1111,defigurer,2.999092414515623,whitechapel
1112,grue,2.999092414515623,whitechapel
1113,sarge,2.9701048776423704,whitechapel
1114,nettoyez,2.9701048776423704,whitechapel
1115,obsessionnel,2.9701048776423704,whitechapel
1116,dechirure,2.9701048776423704,whitechapel
1117,rigolade,2.9701048776423704,whitechapel
1118,anonymat,2.9701048776423704,whitechapel
1119,boucherie,2.9701048776423704,whitechapel
1120,facette,2.9419340006756736,whitechapel
1121,manuscrit,2.9419340006756736,whitechapel
1122,taniere,2.9419340006756736,whitechapel
1123,entuber,2.9419340006756736,whitechapel
1124,combustible,2.9419340006756736,whitechapel
1125,urbain,2.9419340006756736,whitechapel
1126,coute,2.9419340006756736,whitechapel
1127,strangulation,2.9145350264875596,whitechapel
1128,frappez,2.9145350264875596,whitechapel
1129,speculer,2.9145350264875596,whitechapel
1130,deconseiller,2.9145350264875596,whitechapel
1131,connecte,2.9145350264875596,whitechapel
1132,vetir,2.9145350264875596,whitechapel
1133,aide,2.913097473823105,whitechapel
1134,charles,2.900558247795914,whitechapel
1135,madame,2.8880971482946416,whitechapel
1136,laine,2.8878667794053983,whitechapel
1137,tranchant,2.8878667794053983,whitechapel
1138,pli,2.8878667794053983,whitechapel
1139,blouson,2.8878667794053983,whitechapel
1140,mobile,2.8757132077987997,whitechapel
1141,pantin,2.861891293002137,whitechapel
1142,perdez,2.861891293002137,whitechapel
1143,fisc,2.861891293002137,whitechapel
1144,harcele,2.861891293002137,whitechapel
1145,vigueur,2.861891293002137,whitechapel
1146,contracter,2.861891293002137,whitechapel
1147,justesse,2.861891293002137,whitechapel
1148,game,2.8390149304624064,whitechapel
1149,interroge,2.8365734850178477,whitechapel
1150,lydia,2.8365734850178477,whitechapel
1151,compulsif,2.8365734850178477,whitechapel
1152,mesdemoiselles,2.8365734850178477,whitechapel
1153,75,2.8149182534300574,whitechapel
1154,montrant,2.8118808724274764,whitechapel
1155,voyeur,2.8118808724274764,whitechapel
1156,hart,2.8118808724274764,whitechapel
1157,pietre,2.8118808724274764,whitechapel
1158,division,2.80297791945705,whitechapel
1159,coma,2.80297791945705,whitechapel
1160,zeus,2.7877833208484155,whitechapel
1161,blous,2.7877833208484155,whitechapel
1162,coffrer,2.7877833208484155,whitechapel
1163,lucratif,2.7877833208484155,whitechapel
1164,agenouiller,2.7877833208484155,whitechapel
1165,suit,2.7793090041630446,whitechapel
1166,impregner,2.7642528234382215,whitechapel
1167,volatiliser,2.7642528234382215,whitechapel
1168,tournevis,2.7642528234382215,whitechapel
1169,allur,2.7642528234382215,whitechapel
1170,mascara,2.7642528234382215,whitechapel
1171,chouchou,2.741263305213523,whitechapel
1172,repeterai,2.741263305213523,whitechapel
1173,flinguer,2.718790449361464,whitechapel
1174,souiller,2.718790449361464,whitechapel
1175,rapporte,2.718790449361464,whitechapel
1176,sentier,2.718790449361464,whitechapel
1177,miteux,2.718790449361464,whitechapel
1178,fitzgerald,2.718790449361464,whitechapel
1179,flair,2.718790449361464,whitechapel
1180,valentin,2.718790449361464,whitechapel
1181,anterieur,2.718790449361464,whitechapel
1182,flashback,2.696811542642689,whitechapel
1183,britannique,2.696811542642689,whitechapel
1184,saumon,2.696811542642689,whitechapel
1185,protegez,2.696811542642689,whitechapel
1186,liquider,2.696811542642689,whitechapel
1187,epingle,2.696811542642689,whitechapel
1188,sordide,2.696811542642689,whitechapel
1189,jesus,2.6873387776793973,whitechapel
1190,cruaute,2.675305337421725,whitechapel
1191,prerogative,2.675305337421725,whitechapel
1192,niquer,2.675305337421725,whitechapel
1193,subit,2.675305337421725,whitechapel
1194,lacet,2.675305337421725,whitechapel
1195,differenter,2.675305337421725,whitechapel
1196,brouillard,2.675305337421725,whitechapel
1197,varier,2.6542519282238928,whitechapel
1198,chapel,2.6542519282238928,whitechapel
1199,hab,2.6542519282238928,whitechapel
1200,decence,2.6542519282238928,whitechapel
1201,aveux,2.6542519282238928,whitechapel
1202,reprenez,2.6542519282238928,whitechapel
1203,intentionnel,2.6542519282238928,whitechapel
1204,emeute,2.6542519282238928,whitechapel
1205,endosser,2.6542519282238928,whitechapel
1206,radin,2.6336326410211575,whitechapel
1207,refugier,2.6336326410211575,whitechapel
1208,violemment,2.6336326410211575,whitechapel
1209,rejoignez,2.6336326410211575,whitechapel
1210,entraver,2.6336326410211575,whitechapel
1211,climat,2.6336326410211575,whitechapel
1212,watson,2.6336326410211575,whitechapel
1213,escapade,2.6336326410211575,whitechapel
1214,vos,2.6336326410211575,whitechapel
1215,ravager,2.613429933703638,whitechapel
1216,utilisez,2.613429933703638,whitechapel
1217,operationnel,2.613429933703638,whitechapel
1218,allemagne,2.613429933703638,whitechapel
1219,agite,2.613429933703638,whitechapel
1220,horde,2.593627306407458,whitechapel
1221,teint,2.593627306407458,whitechapel
1222,recreation,2.593627306407458,whitechapel
1223,souple,2.593627306407458,whitechapel
1224,audacieux,2.5742092205503564,whitechapel
1225,echarpe,2.5742092205503564,whitechapel
1226,patience,2.567411848144283,whitechapel
1227,transcript,2.567411848144283,whitechapel
1228,exception,2.567411848144283,whitechapel
1229,surveillance,2.5568577339425955,whitechapel
1230,ambulance,2.5568577339425955,whitechapel
1231,pave,2.555161025579662,whitechapel
1232,impartial,2.555161025579662,whitechapel
1233,5eme,2.555161025579662,whitechapel
1234,baratin,2.555161025579662,whitechapel
1235,1972,2.555161025579662,whitechapel
1236,souterrain,2.555161025579662,whitechapel
1237,experimente,2.555161025579662,whitechapel
1238,ressusciter,2.5364688925675094,whitechapel
1239,hierarchie,2.5364688925675094,whitechapel
1240,repaire,2.5364688925675094,whitechapel
1241,chiotte,2.5364688925675094,whitechapel
1242,deconne,2.5364688925675094,whitechapel
1243,eplucher,2.5364688925675094,whitechapel
1244,fruit,2.535915134208005,whitechapel
1245,ben,2.5255255004537966,whitechapel
1246,volontier,2.518119753899313,whitechapel
1247,topo,2.518119753899313,whitechapel
1248,tabloid,2.518119753899313,whitechapel
1249,bati,2.518119753899313,whitechapel
1250,curry,2.518119753899313,whitechapel
1251,trentaine,2.518119753899313,whitechapel
1252,differend,2.5001012483966347,whitechapel
1253,ella,2.5001012483966347,whitechapel
1254,comprehensif,2.5001012483966347,whitechapel
1255,anime,2.5001012483966347,whitechapel
1256,tuera,2.5001012483966347,whitechapel
1257,reputation,2.4946765598025333,whitechapel
1258,menager,2.4824016712972337,whitechapel
1259,eventuel,2.4824016712972337,whitechapel
1260,serez,2.4824016712972337,whitechapel
1261,carpe,2.4824016712972337,whitechapel
1262,surveill,2.4650099285853644,whitechapel
1263,rejet,2.4650099285853644,whitechapel
1264,manipulateur,2.4650099285853644,whitechapel
1265,bassin,2.4650099285853644,whitechapel
1266,naze,2.4650099285853644,whitechapel
1267,focaliser,2.4650099285853644,whitechapel
1268,paume,2.4479154952260647,whitechapel
1269,antiquite,2.4479154952260647,whitechapel
1270,morceal,2.4479154952260647,whitechapel
1271,caoutchouc,2.4479154952260647,whitechapel
1272,detailler,2.4479154952260647,whitechapel
1273,trouvez,2.4479154952260647,whitechapel
1274,etouffe,2.4479154952260647,whitechapel
1275,relation,2.4442960621454164,whitechapel
1276,europeen,2.431108376909683,whitechapel
1277,recreer,2.431108376909683,whitechapel
1278,chargeur,2.431108376909683,whitechapel
1279,prostituer,2.431108376909683,whitechapel
1280,consumer,2.431108376909683,whitechapel
1281,certificat,2.431108376909683,whitechapel
1282,hacker,2.431108376909683,whitechapel
1283,spectateur,2.431108376909683,whitechapel
1284,divertissement,2.431108376909683,whitechapel
1285,saint,2.424493920179993,whitechapel
1286,vouer,2.414579074958473,whitechapel
1287,pister,2.414579074958473,whitechapel
1288,grotte,2.414579074958473,whitechapel
1289,instant,2.4048859199867514,whitechapel
1290,peter,2.4048859199867514,whitechapel
1291,caravane,2.3983185540866927,whitechapel
1292,photographier,2.3983185540866927,whitechapel
1293,aa,2.3983185540866927,whitechapel
1294,angler,2.3983185540866927,whitechapel
1295,cherchez,2.382318212740251,whitechapel
1296,crim,2.382318212740251,whitechapel
1297,eleger,2.382318212740251,whitechapel
1298,grotesque,2.382318212740251,whitechapel
1299,23,2.3758297188609316,whitechapel
1300,blanchir,2.366569855772112,whitechapel
1301,sugger,2.366569855772112,whitechapel
1302,abime,2.366569855772112,whitechapel
1303,surveillez,2.366569855772112,whitechapel
1304,diana,2.366569855772112,whitechapel
1305,catholique,2.366569855772112,whitechapel
1306,traque,2.3510656692361467,whitechapel
1307,attarder,2.3510656692361467,whitechapel
1308,enthousiaste,2.3510656692361467,whitechapel
1309,viol,2.3510656692361467,whitechapel
1310,nomme,2.3510656692361467,whitechapel
1311,declenche,2.3510656692361467,whitechapel
1312,reapparaitre,2.3510656692361467,whitechapel
1313,purement,2.3510656692361467,whitechapel
1314,elargir,2.3510656692361467,whitechapel
1315,reaction,2.3471896113114346,whitechapel
1316,fute,2.3357981971053583,whitechapel
1317,continuon,2.3357981971053583,whitechapel
1318,roder,2.3357981971053583,whitechapel
1319,site,2.3283215468447174,whitechapel
1320,80,2.3283215468447174,whitechapel
1321,presence,2.3283215468447174,whitechapel
1322,profonde,2.3207603197408178,whitechapel
1323,pratiquement,2.3207603197408178,whitechapel
1324,arroser,2.3207603197408178,whitechapel
1325,reproduction,2.3207603197408178,whitechapel
1326,tire,2.309629822008242,whitechapel
1327,batir,2.3059452339556774,whitechapel
1328,sanction,2.3059452339556774,whitechapel
1329,ramper,2.3059452339556774,whitechapel
1330,ont,2.3059452339556774,whitechapel
1331,surgir,2.3059452339556774,whitechapel
1332,tangible,2.3059452339556774,whitechapel
1333,jamie,2.2913464345345247,whitechapel
1334,comprenez,2.2913464345345247,whitechapel
1335,menton,2.2913464345345247,whitechapel
1336,mail,2.28191575268539,whitechapel
1337,ficelle,2.276957697082425,whitechapel
1338,liz,2.276957697082425,whitechapel
1339,delivrer,2.276957697082425,whitechapel
1340,juif,2.276957697082425,whitechapel
1341,aggraver,2.276957697082425,whitechapel
1342,insinuer,2.276957697082425,whitechapel
1343,colon,2.276957697082425,whitechapel
1344,cingler,2.276957697082425,whitechapel
1345,agent,2.272762418630566,whitechapel
1346,client,2.272762418630566,whitechapel
1347,rate,2.263650785558845,whitechapel
1348,enigme,2.2627730620904685,whitechapel
1349,proie,2.2627730620904685,whitechapel
1350,connaissiez,2.2627730620904685,whitechapel
1351,critiquer,2.2627730620904685,whitechapel
1352,clarifier,2.2627730620904685,whitechapel
1353,intensif,2.2487868201157286,whitechapel
1354,attribuer,2.2487868201157286,whitechapel
1355,emparer,2.2487868201157286,whitechapel
1356,inspecter,2.2487868201157286,whitechapel
1357,angleterre,2.2487868201157286,whitechapel
1358,rev,2.2487868201157286,whitechapel
1359,brigade,2.2349934979833925,whitechapel
1360,alcoolique,2.2349934979833925,whitechapel
1361,obscurite,2.2349934979833925,whitechapel
1362,aurez,2.2349934979833925,whitechapel
1363,pourchasser,2.2349934979833925,whitechapel
1364,genital,2.2349934979833925,whitechapel
1365,lecher,2.221387845927614,whitechapel
1366,meurent,2.221387845927614,whitechapel
1367,sirene,2.221387845927614,whitechapel
1368,recours,2.221387845927614,whitechapel
1369,diabolique,2.221387845927614,whitechapel
1370,malt,2.221387845927614,whitechapel
1371,opinion,2.2098358797189963,whitechapel
1372,contourner,2.2079648255954734,whitechapel
1373,demandez,2.2079648255954734,whitechapel
1374,proximite,2.2079648255954734,whitechapel
1375,effectuer,2.2079648255954734,whitechapel
1376,beton,2.2079648255954734,whitechapel
1377,fierter,2.2079648255954734,whitechapel
1378,cambriolage,2.2079648255954734,whitechapel
1379,trouvon,2.2079648255954734,whitechapel
1380,specifique,2.2079648255954734,whitechapel
1381,quete,2.2079648255954734,whitechapel
1382,etrangler,2.194719598845453,whitechapel
1383,leche,2.194719598845453,whitechapel
1384,prometteur,2.194719598845453,whitechapel
1385,incroyablemer,2.194719598845453,whitechapel
1386,devinez,2.194719598845453,whitechapel
1387,pist,2.194719598845453,whitechapel
1388,bar,2.1834618711550884,whitechapel
1389,page,2.1834618711550884,whitechapel
1390,trancher,2.1816475172781002,whitechapel
1391,1ere,2.1816475172781002,whitechapel
1392,mourant,2.1816475172781002,whitechapel
1393,extrer,2.1816475172781002,whitechapel
1394,negligent,2.1816475172781002,whitechapel
1395,connu,2.1687441124421922,whitechapel
1396,imiter,2.1687441124421922,whitechapel
1397,voile,2.1687441124421922,whitechapel
1398,disant,2.1687441124421922,whitechapel
1399,leonard,2.1687441124421922,whitechapel
1400,incision,2.1687441124421922,whitechapel
1401,cerner,2.1687441124421922,whitechapel
1402,of,2.1574311349309476,whitechapel
1403,antecedent,2.1560050866647624,whitechapel
1404,hemorragie,2.1560050866647624,whitechapel
1405,brun,2.1560050866647624,whitechapel
1406,emmerde,2.1560050866647624,whitechapel
1407,trottoir,2.1560050866647624,whitechapel
1408,noix,2.1560050866647624,whitechapel
1409,mandat,2.1560050866647624,whitechapel
1410,compagnon,2.1560050866647624,whitechapel
1411,dignite,2.1560050866647624,whitechapel
1412,immediat,2.1560050866647624,whitechapel
1413,relache,2.1560050866647624,whitechapel
1414,pu,2.1434263044579023,whitechapel
1415,tabasser,2.1434263044579023,whitechapel
1416,ouvrier,2.1434263044579023,whitechapel
1417,poussez,2.1434263044579023,whitechapel
1418,quarantaine,2.1434263044579023,whitechapel
1419,commencez,2.1434263044579023,whitechapel
1420,remuer,2.1434263044579023,whitechapel
1421,revivre,2.1434263044579023,whitechapel
1422,ramenez,2.1434263044579023,whitechapel
1423,pain,2.140263647548165,whitechapel
1424,hair,2.140263647548165,whitechapel
1425,identique,2.1310037844593452,whitechapel
1426,glacer,2.1310037844593452,whitechapel
1427,interrogatoire,2.1310037844593452,whitechapel
1428,remont,2.1310037844593452,whitechapel
1429,reprise,2.1310037844593452,whitechapel
1430,accessible,2.1310037844593452,whitechapel
1431,feux,2.1310037844593452,whitechapel
1432,suspecter,2.1310037844593452,whitechapel
1433,clef,2.1310037844593452,whitechapel
1434,traverse,2.1310037844593452,whitechapel
1435,seller,2.118733691867531,whitechapel
1436,inverser,2.118733691867531,whitechapel
1437,allume,2.118733691867531,whitechapel
1438,boucher,2.106612331335186,whitechapel
1439,couille,2.106612331335186,whitechapel
1440,tremper,2.106612331335186,whitechapel
1441,50,2.0979787744005463,whitechapel
1442,decouverte,2.09463614028847,whitechapel
1443,creux,2.09463614028847,whitechapel
1444,rajouter,2.09463614028847,whitechapel
1445,inoffensif,2.09463614028847,whitechapel
1446,ver,2.09463614028847,whitechapel
1447,insense,2.09463614028847,whitechapel
1448,decouper,2.09463614028847,whitechapel
1449,panier,2.09463614028847,whitechapel
1450,esclave,2.09463614028847,whitechapel
1451,differente,2.09463614028847,whitechapel
1452,improviser,2.09463614028847,whitechapel
1453,irresistible,2.09463614028847,whitechapel
1454,soupconner,2.09463614028847,whitechapel
1455,permanence,2.09463614028847,whitechapel
1456,maitrise,2.09463614028847,whitechapel
1457,planque,2.0828016826414677,whitechapel
1458,semer,2.0828016826414677,whitechapel
1459,voyant,2.0828016826414677,whitechapel
1460,domestique,2.0828016826414677,whitechapel
1461,he,2.081312011282258,whitechapel
1462,contact,2.073030425950195,whitechapel
1463,15,2.073030425950195,whitechapel
1464,ah,2.073030425950195,whitechapel
1465,precisement,2.071105642878276,whitechapel
1466,concours,2.071105642878276,whitechapel
1467,auteur,2.0595448204772002,whitechapel
1468,fibre,2.0595448204772002,whitechapel
1469,ruth,2.0595448204772002,whitechapel
1470,uvre,2.0595448204772002,whitechapel
1471,pompier,2.0595448204772002,whitechapel
1472,trouille,2.0595448204772002,whitechapel
1473,cinquieme,2.0595448204772002,whitechapel
1474,car,2.048389457174114,whitechapel
1475,etiez,2.0481161246535775,whitechapel
1476,oxygene,2.0481161246535775,whitechapel
1477,usine,2.0481161246535775,whitechapel
1478,puer,2.0481161246535775,whitechapel
1479,disent,2.0481161246535775,whitechapel
1480,detail,2.040242806398842,whitechapel
1481,service,2.040242806398842,whitechapel
1482,present,2.040242806398842,whitechapel
1483,table,2.040242806398842,whitechapel
1484,poumon,2.036816569399644,whitechapel
1485,detacher,2.036816569399644,whitechapel
1486,tissu,2.036816569399644,whitechapel
1487,vire,2.036816569399644,whitechapel
1488,chips,2.036816569399644,whitechapel
1489,portefeuille,2.036816569399644,whitechapel
1490,supplie,2.036816569399644,whitechapel
1491,distinct,2.0256432688015185,whitechapel
1492,luxe,2.0256432688015185,whitechapel
1493,capturer,2.0256432688015185,whitechapel
1494,hesitation,2.0256432688015185,whitechapel
1495,cole,2.0256432688015185,whitechapel
1496,secretaire,2.0256432688015185,whitechapel
1497,affirmer,2.0256432688015185,whitechapel
1498,exclure,2.0256432688015185,whitechapel
1499,pendre,2.0145934326149337,whitechapel
1500,pari,2.0145934326149337,whitechapel
1501,fichu,2.0145934326149337,whitechapel
1502,recule,2.0145934326149337,whitechapel
1503,cesse,2.0145934326149337,whitechapel
1504,tragique,2.0145934326149337,whitechapel
1505,grimper,2.0145934326149337,whitechapel
1506,mondial,2.0145934326149337,whitechapel
1507,legerement,2.0145934326149337,whitechapel
1508,davantage,2.0036643620827435,whitechapel
1509,tatouage,2.0036643620827435,whitechapel
1510,tournee,2.0036643620827435,whitechapel
1511,marin,2.0036643620827435,whitechapel
1512,cv,2.0036643620827435,whitechapel
1513,important,2.0,whitechapel
1514,cause,2.0,whitechapel
1515,conjugal,1.9928534459785279,whitechapel
1516,indique,1.9928534459785279,whitechapel
1517,ecriture,1.9928534459785279,whitechapel
1518,avertissement,1.9928534459785279,whitechapel
1519,sais,1.9928534459785279,whitechapel
1520,frequenter,1.9821581568617799,whitechapel
1521,secouer,1.9821581568617799,whitechapel
1522,autorisation,1.9821581568617799,whitechapel
1523,obseder,1.9821581568617799,whitechapel
1524,montrez,1.9821581568617799,whitechapel
1525,deguiser,1.9821581568617799,whitechapel
1526,connexion,1.9821581568617799,whitechapel
1527,communaute,1.9715760475312432,whitechapel
1528,pervers,1.9715760475312432,whitechapel
1529,corriger,1.9715760475312432,whitechapel
1530,merder,1.9715760475312432,whitechapel
1531,douzaine,1.9715760475312432,whitechapel
1532,parcourir,1.9715760475312432,whitechapel
1533,arrestation,1.9715760475312432,whitechapel
1534,compromettre,1.9715760475312432,whitechapel
1535,visiblement,1.9715760475312432,whitechapel
1536,enqueter,1.9715760475312432,whitechapel
1537,reseau,1.9611047476639478,whitechapel
1538,beurre,1.9611047476639478,whitechapel
1539,repasser,1.9611047476639478,whitechapel
1540,mysterieux,1.9611047476639478,whitechapel
1541,guider,1.9611047476639478,whitechapel
1542,ceinture,1.950741960628401,whitechapel
1543,silencieux,1.950741960628401,whitechapel
1544,poursuite,1.950741960628401,whitechapel
1545,empoisonner,1.950741960628401,whitechapel
1546,adresser,1.950741960628401,whitechapel
1547,actuel,1.950741960628401,whitechapel
1548,fragment,1.940485460461212,whitechapel
1549,vehicule,1.940485460461212,whitechapel
1550,bagarre,1.940485460461212,whitechapel
1551,personnage,1.940485460461212,whitechapel
1552,effondrer,1.940485460461212,whitechapel
1553,genereux,1.940485460461212,whitechapel
1554,livraison,1.940485460461212,whitechapel
1555,planifier,1.940485460461212,whitechapel
1556,ignorance,1.940485460461212,whitechapel
1557,facture,1.940485460461212,whitechapel
1558,vilain,1.940485460461212,whitechapel
1559,roue,1.940485460461212,whitechapel
1560,cogner,1.940485460461212,whitechapel
1561,doux,1.940485460461212,whitechapel
1562,gagne,1.9303330889971941,whitechapel
1563,ascenseur,1.9303330889971941,whitechapel
1564,cuire,1.9303330889971941,whitechapel
1565,percer,1.9303330889971941,whitechapel
1566,etendre,1.9303330889971941,whitechapel
1567,plateau,1.9303330889971941,whitechapel
1568,salaud,1.9303330889971941,whitechapel
1569,familier,1.9303330889971941,whitechapel
1570,flamme,1.9303330889971941,whitechapel
1571,provenir,1.9303330889971941,whitechapel
1572,terrifier,1.9303330889971941,whitechapel
1573,pler,1.9202827531436926,whitechapel
1574,sucre,1.9202827531436926,whitechapel
1575,savez,1.9202827531436926,whitechapel
1576,fiston,1.9202827531436926,whitechapel
1577,dessiner,1.9202827531436926,whitechapel
1578,soif,1.9202827531436926,whitechapel
1579,methode,1.9202827531436926,whitechapel
1580,preserver,1.9202827531436926,whitechapel
1581,inquietude,1.9202827531436926,whitechapel
1582,decrocher,1.9103324222905245,whitechapel
1583,commencon,1.9103324222905245,whitechapel
1584,patte,1.9103324222905245,whitechapel
1585,lait,1.9103324222905245,whitechapel
1586,renfort,1.9103324222905245,whitechapel
1587,pouce,1.9103324222905245,whitechapel
1588,anderson,1.9103324222905245,whitechapel
1589,imminent,1.9103324222905245,whitechapel
1590,london,1.9004801258475128,whitechapel
1591,domaine,1.9004801258475128,whitechapel
1592,autorite,1.9004801258475128,whitechapel
1593,botte,1.9004801258475128,whitechapel
1594,hont,1.9004801258475128,whitechapel
1595,sacrifier,1.9004801258475128,whitechapel
1596,reviens,1.9004801258475128,whitechapel
1597,vendredi,1.9004801258475128,whitechapel
1598,foncer,1.9004801258475128,whitechapel
1599,integrer,1.9004801258475128,whitechapel
1600,univers,1.9004801258475128,whitechapel
1601,jugement,1.9004801258475128,whitechapel
1602,medecine,1.9004801258475128,whitechapel
1603,bienvenu,1.890723950902148,whitechapel
1604,chier,1.890723950902148,whitechapel
1605,disputer,1.890723950902148,whitechapel
1606,assassiner,1.890723950902148,whitechapel
1607,annonce,1.890723950902148,whitechapel
1608,merd,1.890723950902148,whitechapel
1609,cri,1.890723950902148,whitechapel
1610,immeuble,1.890723950902148,whitechapel
1611,depose,1.890723950902148,whitechapel
1612,laisson,1.890723950902148,whitechapel
1613,fonds,1.890723950902148,whitechapel
1614,detendre,1.890723950902148,whitechapel
1615,manipuler,1.890723950902148,whitechapel
1616,rigoler,1.890723950902148,whitechapel
1617,desesperer,1.8810620399904112,whitechapel
1618,atmosphere,1.8810620399904112,whitechapel
1619,transporter,1.8810620399904112,whitechapel
1620,oser,1.8810620399904112,whitechapel
1621,fermez,1.8810620399904112,whitechapel
1622,pantalon,1.8810620399904112,whitechapel
1623,sein,1.8810620399904112,whitechapel
1624,garantir,1.8810620399904112,whitechapel
1625,cependant,1.8810620399904112,whitechapel
1626,pomme,1.8810620399904112,whitechapel
1627,alerte,1.8810620399904112,whitechapel
1628,elite,1.8810620399904112,whitechapel
1629,peut,1.8810620399904112,whitechapel
1630,suicider,1.8810620399904112,whitechapel
1631,signaler,1.8714925889742604,whitechapel
1632,couler,1.8714925889742604,whitechapel
1633,maintenir,1.8714925889742604,whitechapel
1634,mater,1.8714925889742604,whitechapel
1635,salope,1.8714925889742604,whitechapel
1636,assieds,1.8714925889742604,whitechapel
1637,dechirer,1.8714925889742604,whitechapel
1638,intervenir,1.8714925889742604,whitechapel
1639,voleur,1.8620138450197166,whitechapel
1640,pleuvoir,1.8620138450197166,whitechapel
1641,possibilite,1.8620138450197166,whitechapel
1642,honte,1.8620138450197166,whitechapel
1643,grosse,1.8620138450197166,whitechapel
1644,cafer,1.8620138450197166,whitechapel
1645,composer,1.8620138450197166,whitechapel
1646,implication,1.8526241046698777,whitechapel
1647,punir,1.8526241046698777,whitechapel
1648,habituel,1.8526241046698777,whitechapel
1649,poitrine,1.8526241046698777,whitechapel
1650,creuser,1.8526241046698777,whitechapel
1651,ouest,1.8526241046698777,whitechapel
1652,fantastique,1.8526241046698777,whitechapel
1653,desirer,1.8526241046698777,whitechapel
1654,montr,1.8526241046698777,whitechapel
1655,eglise,1.8526241046698777,whitechapel
1656,mars,1.843321712007564,whitechapel
1657,beta,1.843321712007564,whitechapel
1658,boucle,1.843321712007564,whitechapel
1659,allee,1.843321712007564,whitechapel
1660,essayez,1.843321712007564,whitechapel
1661,repos,1.843321712007564,whitechapel
1662,carriere,1.843321712007564,whitechapel
1663,tolerance,1.843321712007564,whitechapel
1664,noter,1.843321712007564,whitechapel
1665,indiquer,1.843321712007564,whitechapel
1666,cellule,1.843321712007564,whitechapel
1667,precis,1.8341050569026403,whitechapel
1668,saisir,1.8341050569026403,whitechapel
1669,bouteille,1.8341050569026403,whitechapel
1670,etape,1.8341050569026403,whitechapel
1671,pensent,1.8341050569026403,whitechapel
1672,organisation,1.8341050569026403,whitechapel
1673,serial,1.8341050569026403,whitechapel
1674,management,1.8341050569026403,whitechapel
1675,entourer,1.8341050569026403,whitechapel
1676,jus,1.8341050569026403,whitechapel
1677,avertir,1.8341050569026403,whitechapel
1678,panique,1.8341050569026403,whitechapel
1679,eclater,1.8341050569026403,whitechapel
1680,prive,1.8249725733393676,whitechapel
1681,mouvement,1.8249725733393676,whitechapel
1682,avantage,1.8249725733393676,whitechapel
1683,41,1.8249725733393676,whitechapel
1684,liquide,1.8249725733393676,whitechapel
1685,etonnant,1.8249725733393676,whitechapel
1686,pratique,1.8249725733393676,whitechapel
1687,visiter,1.8249725733393676,whitechapel
1688,accomplir,1.8249725733393676,whitechapel
1689,apparence,1.8249725733393676,whitechapel
1690,etablir,1.8249725733393676,whitechapel
1691,soutien,1.8159227378194498,whitechapel
1692,fera,1.8159227378194498,whitechapel
1693,traine,1.8159227378194498,whitechapel
1694,energie,1.8159227378194498,whitechapel
1695,americain,1.8159227378194498,whitechapel
1696,emprunter,1.8159227378194498,whitechapel
1697,raconte,1.8159227378194498,whitechapel
1698,parlon,1.8159227378194498,whitechapel
1699,raid,1.8159227378194498,whitechapel
1700,ombre,1.8159227378194498,whitechapel
1701,trahir,1.8159227378194498,whitechapel
1702,egalement,1.8159227378194498,whitechapel
1703,ravir,1.8159227378194498,whitechapel
1704,epouser,1.8159227378194498,whitechapel
1705,etoile,1.8159227378194498,whitechapel
1706,correspondre,1.8159227378194498,whitechapel
1707,appetit,1.8159227378194498,whitechapel
1708,coffre,1.8159227378194498,whitechapel
1709,rassembler,1.8069540678366893,whitechapel
1710,enregistrer,1.8069540678366893,whitechapel
1711,contrarier,1.8069540678366893,whitechapel
1712,nourrir,1.8069540678366893,whitechapel
1713,recommence,1.8069540678366893,whitechapel
1714,cheval,1.8069540678366893,whitechapel
1715,centaine,1.8069540678366893,whitechapel
1716,preter,1.8069540678366893,whitechapel
1717,relate,1.8069540678366893,whitechapel
1718,ouvert,1.8069540678366893,whitechapel
1719,collegue,1.7980651204194433,whitechapel
1720,soit,1.7980651204194433,whitechapel
1721,potentiel,1.7980651204194433,whitechapel
1722,sexe,1.7980651204194433,whitechapel
1723,cauchemar,1.7980651204194433,whitechapel
1724,continuez,1.7980651204194433,whitechapel
1725,professionnel,1.7980651204194433,whitechapel
1726,huit,1.7980651204194433,whitechapel
1727,vider,1.7980651204194433,whitechapel
1728,tableau,1.7980651204194433,whitechapel
1729,traduction,1.7980651204194433,whitechapel
1730,tente,1.7980651204194433,whitechapel
1731,merveilleux,1.7892544907372883,whitechapel
1732,bosse,1.7892544907372883,whitechapel
1733,bloquer,1.7892544907372883,whitechapel
1734,pitie,1.7892544907372883,whitechapel
1735,reculer,1.7892544907372883,whitechapel
1736,hasard,1.7892544907372883,whitechapel
1737,partenaire,1.7892544907372883,whitechapel
1738,poids,1.7892544907372883,whitechapel
1739,selection,1.7892544907372883,whitechapel
1740,habituer,1.7892544907372883,whitechapel
1741,cesser,1.7892544907372883,whitechapel
1742,chanter,1.7892544907372883,whitechapel
1743,bouge,1.7892544907372883,whitechapel
1744,conseiller,1.7892544907372883,whitechapel
1745,voisin,1.7892544907372883,whitechapel
1746,chaise,1.7805208107685337,whitechapel
1747,ecout,1.7805208107685337,whitechapel
1748,clairement,1.7805208107685337,whitechapel
1749,causer,1.7805208107685337,whitechapel
1750,eteindre,1.7805208107685337,whitechapel
1751,baisser,1.7805208107685337,whitechapel
1752,epoque,1.7805208107685337,whitechapel
1753,pourra,1.7805208107685337,whitechapel
1754,glace,1.7805208107685337,whitechapel
1755,pie,1.7718627480254192,whitechapel
1756,pouvez,1.7718627480254192,whitechapel
1757,occupe,1.7718627480254192,whitechapel
1758,dessous,1.7718627480254192,whitechapel
1759,etranger,1.7718627480254192,whitechapel
1760,comparer,1.7718627480254192,whitechapel
1761,suivant,1.7718627480254192,whitechapel
1762,habiller,1.7718627480254192,whitechapel
1763,nu,1.7718627480254192,whitechapel
1764,enfermer,1.7718627480254192,whitechapel
1765,croyez,1.7718627480254192,whitechapel
1766,pieger,1.7718627480254192,whitechapel
1767,toilette,1.7718627480254192,whitechapel
1768,autoriser,1.7718627480254192,whitechapel
1769,rire,1.7718627480254192,whitechapel
1770,profond,1.7718627480254192,whitechapel
1771,crois,1.7718627480254192,whitechapel
1772,profiter,1.7632790043340276,whitechapel
1773,regretter,1.7632790043340276,whitechapel
1774,dirai,1.7632790043340276,whitechapel
1775,emmen,1.7632790043340276,whitechapel
1776,habiter,1.7632790043340276,whitechapel
1777,menteur,1.7632790043340276,whitechapel
1778,poste,1.7632790043340276,whitechapel
1779,recemment,1.7632790043340276,whitechapel
1780,cerveau,1.7632790043340276,whitechapel
1781,effrayer,1.7632790043340276,whitechapel
1782,row,1.7632790043340276,whitechapel
1783,vole,1.7632790043340276,whitechapel
1784,armee,1.7632790043340276,whitechapel
1785,entrez,1.7632790043340276,whitechapel
1786,frappe,1.7632790043340276,whitechapel
1787,matinee,1.7632790043340276,whitechapel
1788,charmant,1.7632790043340276,whitechapel
1789,ider,1.7632790043340276,whitechapel
1790,mettez,1.7632790043340276,whitechapel
1791,enfer,1.7632790043340276,whitechapel
1792,respirer,1.7547683146661193,whitechapel
1793,signer,1.7547683146661193,whitechapel
1794,faveur,1.7547683146661193,whitechapel
1795,autrement,1.7547683146661193,whitechapel
1796,evidemment,1.7547683146661193,whitechapel
1797,classe,1.7547683146661193,whitechapel
1798,mange,1.7547683146661193,whitechapel
1799,parfait,1.7547683146661193,whitechapel
1800,gacher,1.7547683146661193,whitechapel
1801,felicitation,1.7547683146661193,whitechapel
1802,musique,1.7463294460202545,whitechapel
1803,pote,1.7463294460202545,whitechapel
1804,envers,1.7463294460202545,whitechapel
1805,etonner,1.7463294460202545,whitechapel
1806,pays,1.7463294460202545,whitechapel
1807,pretendre,1.7463294460202545,whitechapel
1808,physique,1.7463294460202545,whitechapel
1809,vert,1.7463294460202545,whitechapel
1810,biscuit,1.7463294460202545,whitechapel
1811,confirmer,1.7463294460202545,whitechapel
1812,rouler,1.7463294460202545,whitechapel
1813,medecin,1.7463294460202545,whitechapel
1814,gosse,1.7463294460202545,whitechapel
1815,enfuir,1.7463294460202545,whitechapel
1816,faillir,1.7463294460202545,whitechapel
1817,membre,1.7463294460202545,whitechapel
1818,mensonge,1.7463294460202545,whitechapel
1819,terme,1.7463294460202545,whitechapel
1820,foutu,1.7463294460202545,whitechapel
1821,urgence,1.7463294460202545,whitechapel
1822,joindre,1.7379611963497381,whitechapel
1823,kilometre,1.7379611963497381,whitechapel
1824,evenement,1.7379611963497381,whitechapel
1825,echange,1.7379611963497381,whitechapel
1826,futur,1.7379611963497381,whitechapel
1827,secours,1.7379611963497381,whitechapel
1828,anniversaire,1.7379611963497381,whitechapel
1829,concentrer,1.7379611963497381,whitechapel
1830,atteindre,1.7379611963497381,whitechapel
1831,edward,1.7379611963497381,whitechapel
1832,limite,1.7379611963497381,whitechapel
1833,avocat,1.7379611963497381,whitechapel
1834,repartir,1.7379611963497381,whitechapel
1835,soi,1.7379611963497381,whitechapel
1836,impressionner,1.7379611963497381,whitechapel
1837,entrainer,1.7379611963497381,whitechapel
1838,midi,1.7296623935350428,whitechapel
1839,boite,1.7296623935350428,whitechapel
1840,froid,1.7296623935350428,whitechapel
1841,plupart,1.7296623935350428,whitechapel
1842,appartenir,1.7296623935350428,whitechapel
1843,allumer,1.7296623935350428,whitechapel
1844,courir,1.7296623935350428,whitechapel
1845,convaincre,1.7296623935350428,whitechapel
1846,retirer,1.7296623935350428,whitechapel
1847,planter,1.7296623935350428,whitechapel
1848,debout,1.7296623935350428,whitechapel
1849,liberer,1.7296623935350428,whitechapel
1850,chacun,1.7296623935350428,whitechapel
1851,cou,1.7214318943985274,whitechapel
1852,foyer,1.7214318943985274,whitechapel
1853,coincer,1.7214318943985274,whitechapel
1854,ligne,1.7214318943985274,whitechapel
1855,etrange,1.7214318943985274,whitechapel
1856,engager,1.7214318943985274,whitechapel
1857,informer,1.7214318943985274,whitechapel
1858,exploser,1.7214318943985274,whitechapel
1859,trouve,1.7214318943985274,whitechapel
1860,heritage,1.7214318943985274,whitechapel
1861,cadeau,1.7214318943985274,whitechapel
1862,refaire,1.7214318943985274,whitechapel
1863,tenter,1.7214318943985274,whitechapel
1864,avancer,1.7214318943985274,whitechapel
1865,detester,1.7132685837593664,whitechapel
1866,vol,1.7132685837593664,whitechapel
1867,souci,1.7132685837593664,whitechapel
1868,plusieurs,1.7132685837593664,whitechapel
1869,suffire,1.7132685837593664,whitechapel
1870,accompagner,1.7132685837593664,whitechapel
1871,attirer,1.7132685837593664,whitechapel
1872,groupe,1.7132685837593664,whitechapel
1873,recuperer,1.7132685837593664,whitechapel
1874,descendre,1.7132685837593664,whitechapel
1875,obliger,1.7132685837593664,whitechapel
1876,sacrer,1.7132685837593664,whitechapel
1877,gamin,1.7132685837593664,whitechapel
1878,faim,1.7132685837593664,whitechapel
1879,casser,1.7132685837593664,whitechapel
1880,briser,1.7132685837593664,whitechapel
1881,diriger,1.7132685837593664,whitechapel
1882,ignorer,1.7132685837593664,whitechapel
1883,conseil,1.7132685837593664,whitechapel
1884,humain,1.7132685837593664,whitechapel
1885,retenir,1.7132685837593664,whitechapel
1886,savai,1.705171373526747,whitechapel
1887,concentration,1.705171373526747,whitechapel
1888,stupide,1.705171373526747,whitechapel
1889,manquer,1.705171373526747,whitechapel
1890,frapper,1.705171373526747,whitechapel
1891,joli,1.705171373526747,whitechapel
1892,partager,1.705171373526747,whitechapel
1893,docteur,1.705171373526747,whitechapel
1894,liste,1.705171373526747,whitechapel
1895,proposer,1.705171373526747,whitechapel
1896,traverser,1.705171373526747,whitechapel
1897,responsable,1.705171373526747,whitechapel
1898,metre,1.705171373526747,whitechapel
1899,lacher,1.705171373526747,whitechapel
1900,cense,1.705171373526747,whitechapel
1901,vendre,1.705171373526747,whitechapel
1902,promettre,1.705171373526747,whitechapel
1903,amie,1.705171373526747,whitechapel
1904,mien,1.705171373526747,whitechapel
1905,prie,1.705171373526747,whitechapel
1906,utile,1.705171373526747,whitechapel
1907,peine,1.705171373526747,whitechapel
1908,facial,1.705171373526747,whitechapel
1909,chien,1.705171373526747,whitechapel
1910,identification,1.6971392018294829,whitechapel
1911,apprecier,1.6971392018294829,whitechapel
1912,chambre,1.6971392018294829,whitechapel
1913,blesser,1.6971392018294829,whitechapel
1914,compter,1.6971392018294829,whitechapel
1915,controle,1.6971392018294829,whitechapel
1916,discuter,1.6971392018294829,whitechapel
1917,adorer,1.6971392018294829,whitechapel
1918,cours,1.6971392018294829,whitechapel
1919,partout,1.6971392018294829,whitechapel
1920,ensuite,1.6971392018294829,whitechapel
1921,contre,1.6971392018294829,whitechapel
1922,reponse,1.6971392018294829,whitechapel
1923,raconter,1.6971392018294829,whitechapel
1924,controler,1.6971392018294829,whitechapel
1925,mienne,1.6971392018294829,whitechapel
1926,circulation,1.6971392018294829,whitechapel
1927,arranger,1.6971392018294829,whitechapel
1928,sujet,1.6971392018294829,whitechapel
1929,travers,1.6971392018294829,whitechapel
1930,papier,1.6971392018294829,whitechapel
1931,fete,1.6971392018294829,whitechapel
1932,journee,1.6971392018294829,whitechapel
1933,sors,1.6971392018294829,whitechapel
1934,forme,1.6971392018294829,whitechapel
1935,sorte,1.6971392018294829,whitechapel
1936,accepter,1.6971392018294829,whitechapel
1937,deranger,1.6971392018294829,whitechapel
1938,retour,1.6971392018294829,whitechapel
1939,celer,1.6971392018294829,whitechapel
1940,tester,1.6971392018294829,whitechapel
1941,pareil,1.6971392018294829,whitechapel
1942,reflechir,1.6971392018294829,whitechapel
1943,simplement,1.6971392018294829,whitechapel
1944,reussir,1.6971392018294829,whitechapel
1945,retourne,1.6971392018294829,whitechapel
1946,examiner,1.689171032180306,whitechapel
1947,eviter,1.689171032180306,whitechapel
1948,permettre,1.689171032180306,whitechapel
1949,agir,1.689171032180306,whitechapel
1950,enfin,1.689171032180306,whitechapel
1951,serieux,1.689171032180306,whitechapel
1952,meilleur,1.689171032180306,whitechapel
1953,aurai,1.689171032180306,whitechapel
1954,vien,1.689171032180306,whitechapel
1955,adieu,1.689171032180306,whitechapel
1956,lequel,1.689171032180306,whitechapel
1957,emmener,1.689171032180306,whitechapel
1958,pire,1.689171032180306,whitechapel
1959,projet,1.689171032180306,whitechapel
1960,os,1.689171032180306,whitechapel
1961,recherche,1.689171032180306,whitechapel
1962,dormir,1.689171032180306,whitechapel
1963,sortie,1.689171032180306,whitechapel
1964,assurer,1.689171032180306,whitechapel
1965,compte,1.689171032180306,whitechapel
1966,devenir,1.689171032180306,whitechapel
1967,faute,1.689171032180306,whitechapel
1968,valoir,1.689171032180306,whitechapel
1969,sante,1.689171032180306,whitechapel
1970,gagner,1.689171032180306,whitechapel
1971,ecoute,1.689171032180306,whitechapel
1972,devant,1.689171032180306,whitechapel
1973,autant,1.689171032180306,whitechapel
1974,tomber,1.689171032180306,whitechapel
1975,enlever,1.689171032180306,whitechapel
1976,gentil,1.689171032180306,whitechapel
1977,asseoir,1.689171032180306,whitechapel
1978,arrete,1.689171032180306,whitechapel
1979,presque,1.689171032180306,whitechapel
1980,avai,1.689171032180306,whitechapel
1981,expliquer,1.689171032180306,whitechapel
1982,quelle,1.689171032180306,whitechapel
1983,admission,1.6812658526731927,whitechapel
1984,libre,1.6812658526731927,whitechapel
1985,plein,1.6812658526731927,whitechapel
1986,longtemps,1.6812658526731927,whitechapel
1987,nombre,1.6812658526731927,whitechapel
1988,guerre,1.6812658526731927,whitechapel
1989,oeuvre,1.6812658526731927,whitechapel
1990,accuser,1.6812658526731927,whitechapel
1991,terminer,1.6812658526731927,whitechapel
1992,dix,1.6812658526731927,whitechapel
1993,arme,1.6812658526731927,whitechapel
1994,presenter,1.6812658526731927,whitechapel
1995,nul,1.6812658526731927,whitechapel
1996,yard,1.6734226752121666,whitechapel
1997,mignon,1.6734226752121666,whitechapel
1998,combien,1.6734226752121666,whitechapel
1999,blanc,1.6734226752121666,whitechapel
2000,mur,1.6734226752121666,whitechapel
2001,quatre,1.6734226752121666,whitechapel
2002,annee,1.6656405347701118,whitechapel
2003,humour,1.6656405347701118,whitechapel
2004,etat,1.6656405347701118,whitechapel
2005,terre,1.6656405347701118,whitechapel
2006,mois,1.6656405347701118,whitechapel
2007,passe,1.6656405347701118,whitechapel
2008,vraiment,1.6656405347701118,whitechapel
2009,pense,1.6656405347701118,whitechapel
2010,plaque,1.6579184886762015,whitechapel
2011,dont,1.6579184886762015,whitechapel
2012,derriere,1.6579184886762015,whitechapel
2013,aime,1.6579184886762015,whitechapel
2014,came,1.6579184886762015,whitechapel
2015,mes,1.6579184886762015,whitechapel
2016,sera,1.6579184886762015,whitechapel
2017,donne,1.6426510165454131,whitechapel
2018,discretion,1.6426510165454131,whitechapel
2019,revelation,1.6426510165454131,whitechapel
2020,admirer,1.6426510165454131,whitechapel
2021,contraire,1.6351038109100302,whitechapel
2022,tort,1.6351038109100302,whitechapel
2023,fish,1.6276131391808724,whitechapel
2024,fou,1.6276131391808724,whitechapel
2025,alibi,1.6201781606933543,whitechapel
2026,royal,1.6201781606933543,whitechapel
2027,marche,1.612798053395732,whitechapel
2028,evident,1.612798053395732,whitechapel
2029,best,1.605472013303659,whitechapel
2030,plait,1.5981992539745793,whitechapel
2031,ensemble,1.5981992539745793,whitechapel
2032,vite,1.5981992539745793,whitechapel
2033,rail,1.5909790060010922,whitechapel
2034,vu,1.5909790060010922,whitechapel
2035,ambition,1.5909790060010922,whitechapel
2036,mets,1.5838105165224796,whitechapel
2037,cul,1.5766930487536155,whitechapel
2038,ter,1.569625881530523,whitechapel
2039,sensible,1.5626083088718765,whitechapel
2040,investigation,1.5626083088718765,whitechapel
2041,ville,1.5626083088718765,whitechapel
2042,poser,1.5626083088718765,whitechapel
2043,terrain,1.5556396395557832,whitechapel
2044,rouge,1.5487191967112093,whitechapel
2045,monte,1.5487191967112093,whitechapel
2046,probable,1.5418463174234476,whitechapel
2047,compassion,1.5418463174234476,whitechapel
2048,titre,1.5418463174234476,whitechapel
2049,bacon,1.5350203523530475,whitechapel
2050,prudent,1.5350203523530475,whitechapel
2051,dvd,1.5282406653676688,whitechapel
2052,resume,1.5282406653676688,whitechapel
2053,marine,1.5282406653676688,whitechapel
2054,ed,1.5282406653676688,whitechapel
2055,dame,1.5282406653676688,whitechapel
2056,43,1.5282406653676688,whitechapel
2057,crane,1.5215066331863247,whitechapel
2058,cuisine,1.5215066331863247,whitechapel
2059,single,1.5215066331863247,whitechapel
2060,yep,1.5081731023168596,whitechapel
2061,descend,1.5081731023168596,whitechapel
2062,mat,1.5081731023168596,whitechapel
2063,assassin,1.5081731023168596,whitechapel
2064,incapable,1.4885003367181548,whitechapel
2065,designer,1.4820278222125371,whitechapel
2066,brown,1.4820278222125371,whitechapel
2067,cross,1.4820278222125371,whitechapel
2068,min,1.4820278222125371,whitechapel
2069,dis,1.4755969318822468,whitechapel
2070,supporter,1.4755969318822468,whitechapel
2071,killer,1.4755969318822468,whitechapel
2072,lame,1.4692071337834758,whitechapel
2073,jim,1.4692071337834758,whitechapel
2074,intervention,1.4692071337834758,whitechapel
2075,fragile,1.462857906104817,whitechapel
2076,bible,1.450279123897957,whitechapel
2077,ca,1.4378566038993998,whitechapel
2078,accent,1.4378566038993998,whitechapel
2079,scotch,1.4317027383250216,whitechapel
2080,accuse,1.4255865113075854,whitechapel
2081,employer,1.4255865113075854,whitechapel
2082,va,1.4134651507752407,whitechapel
2083,supplier,1.4134651507752407,whitechapel
2084,obligation,1.4074591267150287,whitechapel
2085,marie,1.401488959728525,whitechapel
2086,synchro,1.3955542242087104,whitechapel
2087,depart,1.3896545020815223,whitechapel
2088,poster,1.3896545020815223,whitechapel
2089,amateur,1.383789382629124,whitechapel
2090,promotion,1.383789382629124,whitechapel
2091,reception,1.3663976399172548,whitechapel
2092,reporter,1.3663976399172548,whitechapel
2093,commercial,1.36066696520827,whitechapel
2094,reel,1.36066696520827,whitechapel
2095,36,1.354968944093632,whitechapel
2096,rude,1.354968944093632,whitechapel
2097,cent,1.338067133291029,whitechapel
2098,bang,1.338067133291029,whitechapel
2099,principal,1.3324960882415735,whitechapel
2100,manager,1.3324960882415735,whitechapel
2101,robert,1.326955907865958,whitechapel
2102,cafe,1.315966786290363,whitechapel
2103,adorable,1.315966786290363,whitechapel
2104,vent,1.315966786290363,whitechapel
2105,magazine,1.2997062654185827,whitechapel
2106,green,1.2997062654185827,whitechapel
2107,importance,1.2943443222771973,whitechapel
2108,technique,1.2890109763018347,whitechapel
2109,urgent,1.2890109763018347,whitechapel
2110,sandwich,1.2890109763018347,whitechapel
2111,papa,1.2784288669712978,whitechapel
2112,trip,1.2784288669712978,whitechapel
2113,reference,1.2679575671040024,whitechapel
2114,office,1.2679575671040024,whitechapel
2115,signature,1.2627627502268983,whitechapel
2116,black,1.2627627502268983,whitechapel
2117,00,1.2627627502268983,whitechapel
2118,balance,1.2627627502268983,whitechapel
2119,fond,1.2575947800684557,whitechapel
2120,document,1.2524533805680371,whitechapel
2121,rose,1.2524533805680371,whitechapel
2122,info,1.2422492103937954,whitechapel
2123,cash,1.2371859084372487,whitechapel
2124,arm,1.2321481144072914,whitechapel
2125,desert,1.2321481144072914,whitechapel
2126,section,1.2271355725837472,whitechapel
2127,central,1.2221480310727082,whitechapel
2128,fort,1.217185241730579,whitechapel
2129,procedure,1.2122469600899966,whitechapel
2130,conscience,1.2073329452875676,whitechapel
2131,22,1.2073329452875676,whitechapel
2132,recent,1.2073329452875676,whitechapel
2133,former,1.2024429599933757,whitechapel
2134,sacrifice,1.2024429599933757,whitechapel
2135,gentleman,1.192734145866415,whitechapel
2136,distance,1.192734145866415,whitechapel
2137,bus,1.192734145866415,whitechapel
2138,prepare,1.1879148594304658,whitechapel
2139,record,1.1879148594304658,whitechapel
2140,grace,1.1831186871669728,whitechapel
2141,bout,1.1831186871669728,whitechapel
2142,pose,1.1783454084143152,whitechapel
2143,talent,1.1783454084143152,whitechapel
2144,legal,1.1735948056557173,whitechapel
2145,signal,1.1735948056557173,whitechapel
2146,coincidence,1.1735948056557173,whitechapel
2147,vision,1.1688666644597714,whitechapel
2148,effort,1.1641607734223587,whitechapel
2149,miracle,1.1641607734223587,whitechapel
2150,chair,1.1594769241099325,whitechapel
2151,boss,1.154814911004121,whitechapel
2152,protection,1.1501745314476188,whitechapel
2153,correct,1.1501745314476188,whitechapel
2154,suicide,1.1455555855913244,whitechapel
2155,show,1.140957876342695,whitechapel
2156,hotel,1.136381209315283,whitechapel
2157,justice,1.136381209315283,whitechapel
2158,radio,1.1318253927794224,whitechapel
2159,figure,1.1318253927794224,whitechapel
2160,18,1.113806887276744,whitechapel
2161,source,1.1049179398594982,whitechapel
2162,trouble,1.1005029216503812,whitechapel
2163,total,1.1005029216503812,whitechapel
2164,11,1.096107310177343,whitechapel
2165,super,1.096107310177343,whitechapel
2166,star,1.096107310177343,whitechapel
2167,sale,1.0917309355775442,whitechapel
2168,pardon,1.0873736302085883,whitechapel
2169,photo,1.0830352286099902,whitechapel
2170,direction,1.0830352286099902,whitechapel
2171,horrible,1.0830352286099902,whitechapel
2172,general,1.0830352286099902,whitechapel
2173,art,1.0744144855660833,whitechapel
2174,40,1.0701318237740824,whitechapel
2175,job,1.065867424987625,whitechapel
2176,sort,1.0616211341061739,whitechapel
2177,conversation,1.0489893872002731,whitechapel
2178,experience,1.040656005641129,whitechapel
2179,30,1.0365152129750974,whitechapel
2180,course,1.0323914957912355,whitechapel
2181,sure,1.0323914957912355,whitechapel
2182,terrible,1.0323914957912355,whitechapel
2183,age,1.028284713838582,whitechapel
2184,secret,1.028284713838582,whitechapel
2185,stop,1.028284713838582,whitechapel
2186,information,1.024194728587057,whitechapel
2187,six,1.024194728587057,whitechapel
2188,change,1.0160646025038067,whitechapel
2189,force,1.0160646025038067,whitechapel
2190,surprise,1.0160646025038067,whitechapel
2191,plan,1.012024192966802,whitechapel
2192,message,1.0080000426670763,whitechapel
2193,simple,1.0080000426670763,whitechapel
2194,piece,1.0080000426670763,whitechapel
2195,face,1.0039920212695375,whitechapel
2196,moment,1.0039920212695375,whitechapel
2197,second,1.0,whitechapel
